fips2010,fmr_0,fmr_1,fmr_2,fmr_3,fmr_4,state,metro_code,areaname,county,cousub,countyname,county_town_name,pop2010,acs_2017_2,state_alpha,fmr_type,metro,fmr_pct_chg,fmr_dollar_chg
100199999,588,691,829,1055,1451,1,METRO33860M33860,"Montgomery, AL MSA",1,99999,Autauga County,Autauga County,54571.0,822,AL,40,1,0.00851581508515815,7
100399999,729,762,879,1280,1471,1,METRO19300M19300,"Daphne-Fairhope-Foley, AL MSA",3,99999,Baldwin County,Baldwin County,182265.0,977,AL,40,1,-0.100307062436029,-98
100599999,491,494,657,824,929,1,NCNTY01005N01005,"Barbour County, AL",5,99999,Barbour County,Barbour County,27457.0,671,AL,40,0,-0.0208643815201192,-14
100799999,692,768,882,1176,1315,1,METRO13820M13820,"Birmingham-Hoover, AL HUD Metro FMR Area",7,99999,Bibb County,Bibb County,22915.0,866,AL,40,1,0.0184757505773672,16
100999999,692,768,882,1176,1315,1,METRO13820M13820,"Birmingham-Hoover, AL HUD Metro FMR Area",9,99999,Blount County,Blount County,57322.0,866,AL,40,1,0.0184757505773672,16
101199999,483,483,606,822,825,1,NCNTY01011N01011,"Bullock County, AL",11,99999,Bullock County,Bullock County,10914.0,621,AL,40,0,-0.0241545893719807,-15
101399999,453,456,606,809,985,1,NCNTY01013N01013,"Butler County, AL",13,99999,Butler County,Butler County,20947.0,621,AL,40,0,-0.0241545893719807,-15
101599999,477,511,679,887,1035,1,METRO11500M11500,"Anniston-Oxford-Jacksonville, AL MSA",15,99999,Calhoun County,Calhoun County,118572.0,630,AL,40,1,0.0777777777777778,49
101799999,440,556,676,846,932,1,NCNTY01017N01017,"Chambers County, AL",17,99999,Chambers County,Chambers County,34215.0,751,AL,40,0,-0.099866844207723,-75
101999999,453,456,606,854,857,1,NCNTY01019N01019,"Cherokee County, AL",19,99999,Cherokee County,Cherokee County,25989.0,621,AL,40,0,-0.0241545893719807,-15
102199999,506,551,633,921,1115,1,METRO13820N01021,"Chilton County, AL HUD Metro FMR Area",21,99999,Chilton County,Chilton County,43643.0,621,AL,40,1,0.0193236714975845,12
102399999,506,509,677,849,957,1,NCNTY01023N01023,"Choctaw County, AL",23,99999,Choctaw County,Choctaw County,13859.0,685,AL,40,0,-0.0116788321167883,-8
102599999,483,528,606,881,978,1,NCNTY01025N01025,"Clarke County, AL",25,99999,Clarke County,Clarke County,25833.0,621,AL,40,0,-0.0241545893719807,-15
102799999,513,528,606,881,1067,1,NCNTY01027N01027,"Clay County, AL",27,99999,Clay County,Clay County,13932.0,621,AL,40,0,-0.0241545893719807,-15
102999999,473,476,633,794,1041,1,NCNTY01029N01029,"Cleburne County, AL",29,99999,Cleburne County,Cleburne County,14972.0,662,AL,40,0,-0.0438066465256798,-29
103199999,524,526,619,900,1090,1,NCNTY01031N01031,"Coffee County, AL",31,99999,Coffee County,Coffee County,49948.0,661,AL,40,0,-0.0635400907715582,-42
103399999,526,529,669,887,1110,1,METRO22520M22520,"Florence-Muscle Shoals, AL MSA",33,99999,Colbert County,Colbert County,54428.0,673,AL,40,1,-0.00594353640416048,-4
103599999,453,456,606,854,857,1,NCNTY01035N01035,"Conecuh County, AL",35,99999,Conecuh County,Conecuh County,13228.0,621,AL,40,0,-0.0241545893719807,-15
103799999,502,502,630,849,891,1,NCNTY01037N01037,"Coosa County, AL",37,99999,Coosa County,Coosa County,11539.0,683,AL,40,0,-0.0775988286969253,-53
103999999,453,456,606,801,1067,1,NCNTY01039N01039,"Covington County, AL",39,99999,Covington County,Covington County,37765.0,621,AL,40,0,-0.0241545893719807,-15
104199999,456,459,606,773,971,1,NCNTY01041N01041,"Crenshaw County, AL",41,99999,Crenshaw County,Crenshaw County,13906.0,621,AL,40,0,-0.0241545893719807,-15
104399999,472,500,619,817,843,1,NCNTY01043N01043,"Cullman County, AL",43,99999,Cullman County,Cullman County,80406.0,652,AL,40,0,-0.0506134969325153,-33
104599999,403,486,614,840,1081,1,NCNTY01045N01045,"Dale County, AL",45,99999,Dale County,Dale County,50251.0,635,AL,40,0,-0.0330708661417323,-21
104799999,474,517,606,813,933,1,NCNTY01047N01047,"Dallas County, AL",47,99999,Dallas County,Dallas County,43820.0,621,AL,40,0,-0.0241545893719807,-15
104999999,537,541,717,901,989,1,NCNTY01049N01049,"DeKalb County, AL",49,99999,DeKalb County,DeKalb County,71109.0,797,AL,40,0,-0.100376411543287,-80
105199999,588,691,829,1055,1451,1,METRO33860M33860,"Montgomery, AL MSA",51,99999,Elmore County,Elmore County,79303.0,822,AL,40,1,0.00851581508515815,7
105399999,513,528,606,797,825,1,NCNTY01053N01053,"Escambia County, AL",53,99999,Escambia County,Escambia County,38319.0,621,AL,40,0,-0.0241545893719807,-15
105599999,494,497,661,829,972,1,METRO23460M23460,"Gadsden, AL MSA",55,99999,Etowah County,Etowah County,104430.0,716,AL,40,1,-0.0768156424581006,-55
105799999,483,528,606,851,857,1,NCNTY01057N01057,"Fayette County, AL",57,99999,Fayette County,Fayette County,17241.0,621,AL,40,0,-0.0241545893719807,-15
105999999,483,519,606,760,857,1,NCNTY01059N01059,"Franklin County, AL",59,99999,Franklin County,Franklin County,31704.0,621,AL,40,0,-0.0241545893719807,-15
106199999,531,535,695,934,1090,1,METRO20020M20020,"Dothan, AL HUD Metro FMR Area",61,99999,Geneva County,Geneva County,26790.0,656,AL,40,1,0.0594512195121951,39
106399999,483,483,606,854,857,1,NCNTY01063N01063,"Greene County, AL",63,99999,Greene County,Greene County,9045.0,621,AL,40,0,-0.0241545893719807,-15
106599999,599,660,805,1034,1096,1,METRO46220M46220,"Tuscaloosa, AL HUD Metro FMR Area",65,99999,Hale County,Hale County,15760.0,782,AL,40,1,0.0294117647058824,23
106799999,538,554,636,797,1120,1,METRO20020N01067,"Henry County, AL HUD Metro FMR Area",67,99999,Henry County,Henry County,17302.0,621,AL,40,1,0.0241545893719807,15
106999999,531,535,695,934,1090,1,METRO20020M20020,"Dothan, AL HUD Metro FMR Area",69,99999,Houston County,Houston County,101547.0,656,AL,40,1,0.0594512195121951,39
107199999,399,517,625,784,851,1,NCNTY01071N01071,"Jackson County, AL",71,99999,Jackson County,Jackson County,53227.0,644,AL,40,0,-0.0295031055900621,-19
107399999,692,768,882,1176,1315,1,METRO13820M13820,"Birmingham-Hoover, AL HUD Metro FMR Area",73,99999,Jefferson County,Jefferson County,658466.0,866,AL,40,1,0.0184757505773672,16
107599999,483,523,606,854,857,1,NCNTY01075N01075,"Lamar County, AL",75,99999,Lamar County,Lamar County,14564.0,621,AL,40,0,-0.0241545893719807,-15
107799999,526,529,669,887,1110,1,METRO22520M22520,"Florence-Muscle Shoals, AL MSA",77,99999,Lauderdale County,Lauderdale County,92709.0,673,AL,40,1,-0.00594353640416048,-4
107999999,443,523,669,873,926,1,METRO19460M19460,"Decatur, AL MSA",79,99999,Lawrence County,Lawrence County,34339.0,640,AL,40,1,0.0453125,29
108199999,557,633,827,1107,1339,1,METRO12220M12220,"Auburn-Opelika, AL MSA",81,99999,Lee County,Lee County,140247.0,798,AL,40,1,0.0363408521303258,29
108399999,521,603,717,966,1263,1,METRO26620M26620,"Huntsville, AL MSA",83,99999,Limestone County,Limestone County,82782.0,746,AL,40,1,-0.0388739946380697,-29
108599999,588,691,829,1055,1451,1,METRO33860M33860,"Montgomery, AL MSA",85,99999,Lowndes County,Lowndes County,11299.0,822,AL,40,1,0.00851581508515815,7
108799999,453,456,606,871,1012,1,NCNTY01087N01087,"Macon County, AL",87,99999,Macon County,Macon County,21452.0,621,AL,40,0,-0.0241545893719807,-15
108999999,521,603,717,966,1263,1,METRO26620M26620,"Huntsville, AL MSA",89,99999,Madison County,Madison County,334811.0,746,AL,40,1,-0.0388739946380697,-29
109199999,483,498,606,881,1067,1,NCNTY01091N01091,"Marengo County, AL",91,99999,Marengo County,Marengo County,21027.0,621,AL,40,0,-0.0241545893719807,-15
109399999,453,456,606,804,953,1,NCNTY01093N01093,"Marion County, AL",93,99999,Marion County,Marion County,30776.0,621,AL,40,0,-0.0241545893719807,-15
109599999,468,471,623,845,849,1,NCNTY01095N01095,"Marshall County, AL",95,99999,Marshall County,Marshall County,93019.0,621,AL,40,0,0.00322061191626409,2
109799999,679,683,840,1102,1276,1,METRO33660M33660,"Mobile, AL MSA",97,99999,Mobile County,Mobile County,412992.0,892,AL,40,1,-0.0582959641255605,-52
109999999,483,528,606,774,941,1,NCNTY01099N01099,"Monroe County, AL",99,99999,Monroe County,Monroe County,23068.0,621,AL,40,0,-0.0241545893719807,-15
110199999,588,691,829,1055,1451,1,METRO33860M33860,"Montgomery, AL MSA",101,99999,Montgomery County,Montgomery County,229363.0,822,AL,40,1,0.00851581508515815,7
110399999,443,523,669,873,926,1,METRO19460M19460,"Decatur, AL MSA",103,99999,Morgan County,Morgan County,119490.0,640,AL,40,1,0.0453125,29
110599999,513,528,606,854,857,1,NCNTY01105N01105,"Perry County, AL",105,99999,Perry County,Perry County,10591.0,621,AL,40,0,-0.0241545893719807,-15
110799999,451,456,606,822,825,1,METRO46220N01107,"Pickens County, AL HUD Metro FMR Area",107,99999,Pickens County,Pickens County,19746.0,621,AL,40,1,-0.0241545893719807,-15
110999999,502,505,606,823,825,1,NCNTY01109N01109,"Pike County, AL",109,99999,Pike County,Pike County,32899.0,654,AL,40,0,-0.073394495412844,-48
111199999,452,491,621,887,978,1,NCNTY01111N01111,"Randolph County, AL",111,99999,Randolph County,Randolph County,22913.0,662,AL,40,0,-0.0619335347432024,-41
111399999,621,685,823,1142,1450,1,METRO17980M17980,"Columbus, GA-AL MSA",113,99999,Russell County,Russell County,52947.0,777,AL,40,1,0.0592020592020592,46
111599999,692,768,882,1176,1315,1,METRO13820M13820,"Birmingham-Hoover, AL HUD Metro FMR Area",115,99999,St. Clair County,St. Clair County,83593.0,866,AL,40,1,0.0184757505773672,16
111799999,692,768,882,1176,1315,1,METRO13820M13820,"Birmingham-Hoover, AL HUD Metro FMR Area",117,99999,Shelby County,Shelby County,195085.0,866,AL,40,1,0.0184757505773672,16
111999999,538,541,720,903,981,1,NCNTY01119N01119,"Sumter County, AL",119,99999,Sumter County,Sumter County,13763.0,736,AL,40,0,-0.0217391304347826,-16
112199999,471,474,630,855,878,1,NCNTY01121N01121,"Talladega County, AL",121,99999,Talladega County,Talladega County,82291.0,675,AL,40,0,-0.0666666666666667,-45
112399999,513,526,606,857,974,1,NCNTY01123N01123,"Tallapoosa County, AL",123,99999,Tallapoosa County,Tallapoosa County,41616.0,621,AL,40,0,-0.0241545893719807,-15
112599999,599,660,805,1034,1096,1,METRO46220M46220,"Tuscaloosa, AL HUD Metro FMR Area",125,99999,Tuscaloosa County,Tuscaloosa County,194656.0,782,AL,40,1,0.0294117647058824,23
112799999,502,505,655,828,979,1,METRO13820N01127,"Walker County, AL HUD Metro FMR Area",127,99999,Walker County,Walker County,67023.0,641,AL,40,1,0.0218408736349454,14
112999999,497,497,624,785,882,1,NCNTY01129N01129,"Washington County, AL",129,99999,Washington County,Washington County,17581.0,621,AL,40,0,0.00483091787439614,3
113199999,483,528,606,854,857,1,NCNTY01131N01131,"Wilcox County, AL",131,99999,Wilcox County,Wilcox County,11670.0,621,AL,40,0,-0.0241545893719807,-15
113399999,453,456,606,881,1009,1,NCNTY01133N01133,"Winston County, AL",133,99999,Winston County,Winston County,24484.0,621,AL,40,0,-0.0241545893719807,-15
201399999,751,915,1051,1318,1431,2,NCNTY02013N02013,"Aleutians East Borough, AK",13,99999,Aleutians East Borough,Aleutians East Borough,3141.0,1077,AK,40,0,-0.0241411327762303,-26
201699999,1038,1224,1628,2041,2505,2,NCNTY02016N02016,"Aleutians West Census Area, AK",16,99999,Aleutians West Census Area,Aleutians West Census Area,5561.0,1691,AK,40,0,-0.0372560615020698,-63
202099999,923,1035,1337,1945,2355,2,METRO11260M11260,"Anchorage, AK HUD Metro FMR Area",20,99999,Anchorage Municipality,Anchorage Municipality,291826.0,1293,AK,40,1,0.0340293890177881,44
205099999,1058,1290,1481,1857,2017,2,NCNTY02050N02050,"Bethel Census Area, AK",50,99999,Bethel Census Area,Bethel Census Area,17013.0,1464,AK,40,0,0.0116120218579235,17
206099999,892,949,1248,1610,1700,2,NCNTY02060N02060,"Bristol Bay Borough, AK",60,99999,Bristol Bay Borough,Bristol Bay Borough,997.0,1244,AK,40,0,0.00321543408360129,4
206899999,1042,1130,1458,1840,2244,2,NCNTY02068N02068,"Denali Borough, AK",68,99999,Denali Borough,Denali Borough,1826.0,1579,AK,40,0,-0.0766307789740342,-121
207099999,1013,1046,1201,1663,1848,2,NCNTY02070N02070,"Dillingham Census Area, AK",70,99999,Dillingham Census Area,Dillingham Census Area,4847.0,1192,AK,40,0,0.0075503355704698,9
209099999,873,1029,1368,1990,2409,2,METRO21820M21820,"Fairbanks, AK MSA",90,99999,Fairbanks North Star Borough,Fairbanks North Star Borough,97581.0,1267,AK,40,1,0.079715864246251,101
210099999,704,858,985,1247,1516,2,NCNTY02100N02100,"Haines Borough, AK",100,99999,Haines Borough,Haines Borough,2508.0,1007,AK,40,0,-0.0218470705064548,-22
210599999,535,650,839,1139,1143,2,NCNTY02105N02105,"Hoonah-Angoon Census Area, AK",105,99999,Hoonah-Angoon Census Area,Hoonah-Angoon Census Area,2150.0,861,AK,40,0,-0.0255516840882695,-22
211099999,910,1072,1426,2039,2512,2,NCNTY02110N02110,"Juneau City and Borough, AK",110,99999,Juneau City and Borough,Juneau City and Borough,31275.0,1466,AK,40,0,-0.0272851296043656,-40
212299999,814,819,1082,1403,1595,2,NCNTY02122N02122,"Kenai Peninsula Borough, AK",122,99999,Kenai Peninsula Borough,Kenai Peninsula Borough,55400.0,1113,AK,40,0,-0.0278526504941599,-31
213099999,801,944,1255,1649,2210,2,NCNTY02130N02130,"Ketchikan Gateway Borough, AK",130,99999,Ketchikan Gateway Borough,Ketchikan Gateway Borough,13477.0,1317,AK,40,0,-0.0470766894457099,-62
215099999,898,924,1061,1543,1738,2,NCNTY02150N02150,"Kodiak Island Borough, AK",150,99999,Kodiak Island Borough,Kodiak Island Borough,13592.0,1096,AK,40,0,-0.0319343065693431,-35
215899999,659,804,923,1157,1257,2,NCNTY02158N02158,Kusilvak Census Area,158,99999,Kusilvak Census Area,Kusilvak Census Area,7459.0,971,AK,40,0,-0.0494335736354274,-48
216499999,629,752,881,1105,1356,2,NCNTY02164N02164,"Lake and Peninsula Borough, AK",164,99999,Lake and Peninsula Borough,Lake and Peninsula Borough,1631.0,910,AK,40,0,-0.0318681318681319,-29
217099999,740,835,1111,1616,1957,2,METRO11260N02170,"Matanuska-Susitna Borough, AK HUD Metro FMR Area",170,99999,Matanuska-Susitna Borough,Matanuska-Susitna Borough,88995.0,1041,AK,40,1,0.0672430355427474,70
218099999,970,1285,1521,1907,2072,2,NCNTY02180N02180,"Nome Census Area, AK",180,99999,Nome Census Area,Nome Census Area,9492.0,1582,AK,40,0,-0.038558786346397,-61
218599999,926,1028,1180,1598,2040,2,NCNTY02185N02185,"North Slope Borough, AK",185,99999,North Slope Borough,North Slope Borough,9430.0,1231,AK,40,0,-0.041429731925264,-51
218899999,1080,1111,1276,1732,1738,2,NCNTY02188N02188,"Northwest Arctic Borough, AK",188,99999,Northwest Arctic Borough,Northwest Arctic Borough,7523.0,1262,AK,40,0,0.0110935023771791,14
219599999,692,816,1085,1360,1670,2,NCNTY02195N02195,"Petersburg Census Area, AK",195,99999,Petersburg Census Area,Petersburg Census Area,3815.0,1060,AK,40,0,0.0235849056603774,25
219899999,790,795,1032,1294,1406,2,NCNTY02198N02198,"Prince of Wales-Hyder Census Area, AK",198,99999,Prince of Wales-Hyder Census Area,Prince of Wales-Hyder Census Area,5559.0,1062,AK,40,0,-0.0282485875706215,-30
222099999,903,1007,1261,1753,2221,2,NCNTY02220N02220,"Sitka City and Borough, AK",220,99999,Sitka City and Borough,Sitka City and Borough,8881.0,1278,AK,40,0,-0.013302034428795,-17
223099999,965,1090,1351,1965,2079,2,NCNTY02230N02230,"Skagway Municipality, AK",230,99999,Skagway Municipality,Skagway Municipality,968.0,1414,AK,40,0,-0.0445544554455446,-63
224099999,872,1030,1220,1775,2149,2,NCNTY02240N02240,"Southeast Fairbanks Census Area, AK",240,99999,Southeast Fairbanks Census Area,Southeast Fairbanks Census Area,7029.0,1223,AK,40,0,-0.00245298446443173,-3
226199999,835,898,1194,1497,1838,2,NCNTY02261N02261,"Valdez-Cordova Census Area, AK",261,99999,Valdez-Cordova Census Area,Valdez-Cordova Census Area,9636.0,1139,AK,40,0,0.04828797190518,55
227599999,718,723,962,1223,1480,2,NCNTY02275N02275,"Wrangell City and Borough, AK",275,99999,Wrangell City and Borough,Wrangell City and Borough,2369.0,1010,AK,40,0,-0.0475247524752475,-48
228299999,799,841,1118,1402,1721,2,NCNTY02282N02282,"Yakutat City and Borough, AK",282,99999,Yakutat City and Borough,Yakutat City and Borough,662.0,1182,AK,40,0,-0.0541455160744501,-64
229099999,613,617,789,1033,1390,2,NCNTY02290N02290,"Yukon-Koyukuk Census Area, AK",290,99999,Yukon-Koyukuk Census Area,Yukon-Koyukuk Census Area,5588.0,789,AK,40,0,0.0,0
400199999,508,595,697,998,1206,4,NCNTY04001N04001,"Apache County, AZ",1,99999,Apache County,Apache County,71518.0,681,AZ,40,0,0.0234948604992658,16
400399999,617,621,779,1133,1372,4,METRO43420M43420,"Sierra Vista-Douglas, AZ MSA",3,99999,Cochise County,Cochise County,131346.0,747,AZ,40,1,0.0428380187416332,32
400599999,782,920,1129,1446,1719,4,METRO22380M22380,"Flagstaff, AZ MSA",5,99999,Coconino County,Coconino County,134421.0,1037,AZ,40,1,0.0887174541947927,92
400799999,643,647,861,1090,1173,4,NCNTY04007N04007,"Gila County, AZ",7,99999,Gila County,Gila County,53597.0,801,AZ,40,0,0.0749063670411985,60
400999999,595,650,785,1142,1354,4,NCNTY04009N04009,"Graham County, AZ",9,99999,Graham County,Graham County,37220.0,737,AZ,40,0,0.0651289009497965,48
401199999,530,531,700,878,953,4,NCNTY04011N04011,"Greenlee County, AZ",11,99999,Greenlee County,Greenlee County,8437.0,681,AZ,40,0,0.0279001468428781,19
401299999,568,571,760,953,1140,4,NCNTY04012N04012,"La Paz County, AZ",12,99999,La Paz County,La Paz County,20489.0,719,AZ,40,0,0.0570236439499305,41
401399999,684,815,1013,1474,1697,4,METRO38060M38060,"Phoenix-Mesa-Scottsdale, AZ MSA",13,99999,Maricopa County,Maricopa County,3817117.0,944,AZ,40,1,0.0730932203389831,69
401599999,564,626,797,1145,1264,4,METRO29420M29420,"Lake Havasu City-Kingman, AZ MSA",15,99999,Mohave County,Mohave County,200186.0,762,AZ,40,1,0.0459317585301837,35
401799999,572,575,722,969,1118,4,NCNTY04017N04017,"Navajo County, AZ",17,99999,Navajo County,Navajo County,107449.0,748,AZ,40,0,-0.0347593582887701,-26
401999999,545,642,854,1242,1463,4,METRO46060M46060,"Tucson, AZ MSA",19,99999,Pima County,Pima County,980263.0,867,AZ,40,1,-0.0149942329873126,-13
402199999,684,815,1013,1474,1697,4,METRO38060M38060,"Phoenix-Mesa-Scottsdale, AZ MSA",21,99999,Pinal County,Pinal County,375770.0,944,AZ,40,1,0.0730932203389831,69
402399999,534,535,711,965,968,4,NCNTY04023N04023,"Santa Cruz County, AZ",23,99999,Santa Cruz County,Santa Cruz County,47420.0,681,AZ,40,0,0.0440528634361234,30
402599999,665,670,891,1271,1275,4,METRO39140M39140,"Prescott, AZ MSA",25,99999,Yavapai County,Yavapai County,211033.0,901,AZ,40,1,-0.0110987791342952,-10
402799999,583,601,800,1164,1409,4,METRO49740M49740,"Yuma, AZ MSA",27,99999,Yuma County,Yuma County,195751.0,870,AZ,40,1,-0.0804597701149425,-70
500199999,477,480,634,864,988,5,NCNTY05001N05001,"Arkansas County, AR",1,99999,Arkansas County,Arkansas County,19019.0,611,AR,40,0,0.0376432078559738,23
500399999,483,535,633,827,862,5,NCNTY05003N05003,"Ashley County, AR",3,99999,Ashley County,Ashley County,21853.0,611,AR,40,0,0.0360065466448445,22
500599999,501,516,686,908,934,5,NCNTY05005N05005,"Baxter County, AR",5,99999,Baxter County,Baxter County,41513.0,659,AR,40,0,0.0409711684370258,27
500799999,524,558,723,1039,1273,5,METRO22220M22220,"Fayetteville-Springdale-Rogers, AR HUD Metro FMR Area",7,99999,Benton County,Benton County,221339.0,748,AR,40,1,-0.0334224598930481,-25
500999999,473,476,633,921,1115,5,NCNTY05009N05009,"Boone County, AR",9,99999,Boone County,Boone County,36903.0,623,AR,40,0,0.0160513643659711,10
501199999,420,495,659,826,898,5,NCNTY05011N05011,"Bradley County, AR",11,99999,Bradley County,Bradley County,11508.0,688,AR,40,0,-0.0421511627906977,-29
501399999,493,563,646,839,941,5,NCNTY05013N05013,"Calhoun County, AR",13,99999,Calhoun County,Calhoun County,5368.0,622,AR,40,0,0.0385852090032154,24
501599999,489,495,655,850,957,5,NCNTY05015N05015,"Carroll County, AR",15,99999,Carroll County,Carroll County,27446.0,642,AR,40,0,0.0202492211838006,13
501799999,483,551,633,921,922,5,NCNTY05017N05017,"Chicot County, AR",17,99999,Chicot County,Chicot County,11800.0,611,AR,40,0,0.0360065466448445,22
501999999,473,476,633,862,1020,5,NCNTY05019N05019,"Clark County, AR",19,99999,Clark County,Clark County,22995.0,611,AR,40,0,0.0360065466448445,22
502199999,473,476,633,894,922,5,NCNTY05021N05021,"Clay County, AR",21,99999,Clay County,Clay County,16083.0,611,AR,40,0,0.0360065466448445,22
502399999,503,506,673,939,1014,5,NCNTY05023N05023,"Cleburne County, AR",23,99999,Cleburne County,Cleburne County,25970.0,660,AR,40,0,0.0196969696969697,13
502599999,479,537,691,866,1076,5,METRO38220M38220,"Pine Bluff, AR MSA",25,99999,Cleveland County,Cleveland County,8689.0,659,AR,40,1,0.0485584218512898,32
502799999,451,551,633,921,960,5,NCNTY05027N05027,"Columbia County, AR",27,99999,Columbia County,Columbia County,24552.0,611,AR,40,0,0.0360065466448445,22
502999999,529,532,708,888,1024,5,NCNTY05029N05029,"Conway County, AR",29,99999,Conway County,Conway County,21273.0,688,AR,40,0,0.0290697674418605,20
503199999,493,613,743,1046,1047,5,METRO27860MM3700,"Jonesboro, AR HUD Metro FMR Area",31,99999,Craighead County,Craighead County,96443.0,735,AR,40,1,0.0108843537414966,8
503399999,486,524,697,944,1124,5,METRO22900M22900,"Fort Smith, AR-OK HUD Metro FMR Area",33,99999,Crawford County,Crawford County,61948.0,679,AR,40,1,0.0265095729013255,18
503599999,628,705,833,1136,1316,5,METRO32820M32820,"Memphis, TN-MS-AR HUD Metro FMR Area",35,99999,Crittenden County,Crittenden County,50902.0,835,AR,40,1,-0.00239520958083832,-2
503799999,520,523,696,873,948,5,NCNTY05037N05037,"Cross County, AR",37,99999,Cross County,Cross County,17870.0,670,AR,40,0,0.0388059701492537,26
503999999,473,476,633,883,886,5,NCNTY05039N05039,"Dallas County, AR",39,99999,Dallas County,Dallas County,8116.0,611,AR,40,0,0.0360065466448445,22
504199999,473,476,633,854,922,5,NCNTY05041N05041,"Desha County, AR",41,99999,Desha County,Desha County,13008.0,611,AR,40,0,0.0360065466448445,22
504399999,478,481,640,849,872,5,NCNTY05043N05043,"Drew County, AR",43,99999,Drew County,Drew County,18509.0,618,AR,40,0,0.0355987055016181,22
504599999,585,676,811,1086,1289,5,METRO30780M30780,"Little Rock-North Little Rock-Conway, AR HUD Metro FMR Area",45,99999,Faulkner County,Faulkner County,113237.0,814,AR,40,1,-0.00368550368550369,-3
504799999,479,483,642,805,935,5,NCNTY05047N05047,"Franklin County, AR",47,99999,Franklin County,Franklin County,18125.0,611,AR,40,0,0.0507364975450082,31
504999999,473,476,633,859,862,5,NCNTY05049N05049,"Fulton County, AR",49,99999,Fulton County,Fulton County,12245.0,611,AR,40,0,0.0360065466448445,22
505199999,531,580,771,967,1123,5,METRO26300M26300,"Hot Springs, AR MSA",51,99999,Garland County,Garland County,96024.0,765,AR,40,1,0.00784313725490196,6
505399999,470,566,650,938,1050,5,METRO30780N05053,"Grant County, AR HUD Metro FMR Area",53,99999,Grant County,Grant County,17853.0,622,AR,40,1,0.045016077170418,28
505599999,514,550,673,901,1099,5,NCNTY05055N05055,"Greene County, AR",55,99999,Greene County,Greene County,42090.0,658,AR,40,0,0.0227963525835866,15
505799999,489,504,641,804,873,5,NCNTY05057N05057,"Hempstead County, AR",57,99999,Hempstead County,Hempstead County,22609.0,613,AR,40,0,0.0456769983686786,28
505999999,499,554,653,856,1042,5,NCNTY05059N05059,"Hot Spring County, AR",59,99999,Hot Spring County,Hot Spring County,32923.0,649,AR,40,0,0.0061633281972265,4
506199999,404,476,633,804,922,5,NCNTY05061N05061,"Howard County, AR",61,99999,Howard County,Howard County,13789.0,611,AR,40,0,0.0360065466448445,22
506399999,473,476,633,794,895,5,NCNTY05063N05063,"Independence County, AR",63,99999,Independence County,Independence County,36647.0,611,AR,40,0,0.0360065466448445,22
506599999,473,476,633,859,862,5,NCNTY05065N05065,"Izard County, AR",65,99999,Izard County,Izard County,13696.0,611,AR,40,0,0.0360065466448445,22
506799999,404,476,633,794,975,5,NCNTY05067N05067,"Jackson County, AR",67,99999,Jackson County,Jackson County,17997.0,611,AR,40,0,0.0360065466448445,22
506999999,479,537,691,866,1076,5,METRO38220M38220,"Pine Bluff, AR MSA",69,99999,Jefferson County,Jefferson County,77435.0,659,AR,40,1,0.0485584218512898,32
507199999,486,489,651,853,923,5,NCNTY05071N05071,"Johnson County, AR",71,99999,Johnson County,Johnson County,25540.0,638,AR,40,0,0.0203761755485893,13
507399999,483,511,633,819,1034,5,NCNTY05073N05073,"Lafayette County, AR",73,99999,Lafayette County,Lafayette County,7645.0,611,AR,40,0,0.0360065466448445,22
507599999,494,497,633,849,971,5,NCNTY05075N05075,"Lawrence County, AR",75,99999,Lawrence County,Lawrence County,17415.0,611,AR,40,0,0.0360065466448445,22
507799999,473,476,633,874,1029,5,NCNTY05077N05077,"Lee County, AR",77,99999,Lee County,Lee County,10424.0,611,AR,40,0,0.0360065466448445,22
507999999,479,537,691,866,1076,5,METRO38220M38220,"Pine Bluff, AR MSA",79,99999,Lincoln County,Lincoln County,14134.0,659,AR,40,1,0.0485584218512898,32
508199999,450,476,633,804,918,5,METRO45500N05081,"Little River County, AR HUD Metro FMR Area",81,99999,Little River County,Little River County,13171.0,611,AR,40,1,0.0360065466448445,22
508399999,483,551,633,835,908,5,NCNTY05083N05083,"Logan County, AR",83,99999,Logan County,Logan County,22353.0,611,AR,40,0,0.0360065466448445,22
508599999,585,676,811,1086,1289,5,METRO30780M30780,"Little Rock-North Little Rock-Conway, AR HUD Metro FMR Area",85,99999,Lonoke County,Lonoke County,68356.0,814,AR,40,1,-0.00368550368550369,-3
508799999,524,558,723,1039,1273,5,METRO22220M22220,"Fayetteville-Springdale-Rogers, AR HUD Metro FMR Area",87,99999,Madison County,Madison County,15717.0,748,AR,40,1,-0.0334224598930481,-25
508999999,440,504,633,801,1115,5,NCNTY05089N05089,"Marion County, AR",89,99999,Marion County,Marion County,16653.0,611,AR,40,0,0.0360065466448445,22
509199999,558,627,795,1022,1178,5,METRO45500M45500,"Texarkana, TX-Texarkana, AR HUD Metro FMR Area",91,99999,Miller County,Miller County,43462.0,720,AR,40,1,0.104166666666667,75
509399999,486,489,651,840,887,5,NCNTY05093N05093,"Mississippi County, AR",93,99999,Mississippi County,Mississippi County,46480.0,625,AR,40,0,0.0416,26
509599999,483,495,633,798,1115,5,NCNTY05095N05095,"Monroe County, AR",95,99999,Monroe County,Monroe County,8149.0,611,AR,40,0,0.0360065466448445,22
509799999,473,476,633,794,922,5,NCNTY05097N05097,"Montgomery County, AR",97,99999,Montgomery County,Montgomery County,9487.0,611,AR,40,0,0.0360065466448445,22
509999999,480,483,643,828,876,5,NCNTY05099N05099,"Nevada County, AR",99,99999,Nevada County,Nevada County,8997.0,615,AR,40,0,0.0455284552845528,28
510199999,478,481,633,921,922,5,NCNTY05101N05101,"Newton County, AR",101,99999,Newton County,Newton County,8330.0,611,AR,40,0,0.0360065466448445,22
510399999,517,521,633,845,974,5,NCNTY05103N05103,"Ouachita County, AR",103,99999,Ouachita County,Ouachita County,26120.0,611,AR,40,0,0.0360065466448445,22
510599999,585,676,811,1086,1289,5,METRO30780M30780,"Little Rock-North Little Rock-Conway, AR HUD Metro FMR Area",105,99999,Perry County,Perry County,10445.0,814,AR,40,1,-0.00368550368550369,-3
510799999,473,476,633,918,1115,5,NCNTY05107N05107,"Phillips County, AR",107,99999,Phillips County,Phillips County,21757.0,611,AR,40,0,0.0360065466448445,22
510999999,536,551,633,794,917,5,NCNTY05109N05109,"Pike County, AR",109,99999,Pike County,Pike County,11291.0,611,AR,40,0,0.0360065466448445,22
511199999,473,476,633,859,862,5,METRO27860N05111,"Poinsett County, AR HUD Metro FMR Area",111,99999,Poinsett County,Poinsett County,24583.0,632,AR,40,1,0.00158227848101266,1
511399999,473,476,633,794,1028,5,NCNTY05113N05113,"Polk County, AR",113,99999,Polk County,Polk County,20662.0,611,AR,40,0,0.0360065466448445,22
511599999,488,492,654,951,1055,5,NCNTY05115N05115,"Pope County, AR",115,99999,Pope County,Pope County,61754.0,645,AR,40,0,0.013953488372093,9
511799999,473,476,633,852,969,5,NCNTY05117N05117,"Prairie County, AR",117,99999,Prairie County,Prairie County,8715.0,611,AR,40,0,0.0360065466448445,22
511999999,585,676,811,1086,1289,5,METRO30780M30780,"Little Rock-North Little Rock-Conway, AR HUD Metro FMR Area",119,99999,Pulaski County,Pulaski County,382748.0,814,AR,40,1,-0.00368550368550369,-3
512199999,473,476,633,794,922,5,NCNTY05121N05121,"Randolph County, AR",121,99999,Randolph County,Randolph County,17969.0,611,AR,40,0,0.0360065466448445,22
512399999,473,476,633,921,1115,5,NCNTY05123N05123,"St. Francis County, AR",123,99999,St. Francis County,St. Francis County,28258.0,611,AR,40,0,0.0360065466448445,22
512599999,585,676,811,1086,1289,5,METRO30780M30780,"Little Rock-North Little Rock-Conway, AR HUD Metro FMR Area",125,99999,Saline County,Saline County,107118.0,814,AR,40,1,-0.00368550368550369,-3
512799999,473,476,633,794,922,5,NCNTY05127N05127,"Scott County, AR",127,99999,Scott County,Scott County,11233.0,611,AR,40,0,0.0360065466448445,22
512999999,483,508,633,856,922,5,NCNTY05129N05129,"Searcy County, AR",129,99999,Searcy County,Searcy County,8195.0,611,AR,40,0,0.0360065466448445,22
513199999,486,524,697,944,1124,5,METRO22900M22900,"Fort Smith, AR-OK HUD Metro FMR Area",131,99999,Sebastian County,Sebastian County,125744.0,679,AR,40,1,0.0265095729013255,18
513399999,411,476,633,794,922,5,NCNTY05133N05133,"Sevier County, AR",133,99999,Sevier County,Sevier County,17058.0,611,AR,40,0,0.0360065466448445,22
513599999,404,476,633,836,935,5,NCNTY05135N05135,"Sharp County, AR",135,99999,Sharp County,Sharp County,17264.0,611,AR,40,0,0.0360065466448445,22
513799999,473,476,633,794,862,5,NCNTY05137N05137,"Stone County, AR",137,99999,Stone County,Stone County,12394.0,618,AR,40,0,0.0242718446601942,15
513999999,537,549,634,795,1064,5,NCNTY05139N05139,"Union County, AR",139,99999,Union County,Union County,41639.0,670,AR,40,0,-0.0537313432835821,-36
514199999,473,476,633,830,883,5,NCNTY05141N05141,"Van Buren County, AR",141,99999,Van Buren County,Van Buren County,17295.0,611,AR,40,0,0.0360065466448445,22
514399999,524,558,723,1039,1273,5,METRO22220M22220,"Fayetteville-Springdale-Rogers, AR HUD Metro FMR Area",143,99999,Washington County,Washington County,203065.0,748,AR,40,1,-0.0334224598930481,-25
514599999,504,507,657,940,1157,5,NCNTY05145N05145,"White County, AR",145,99999,White County,White County,77076.0,622,AR,40,0,0.0562700964630225,35
514799999,407,476,633,794,862,5,NCNTY05147N05147,"Woodruff County, AR",147,99999,Woodruff County,Woodruff County,7260.0,611,AR,40,0,0.0360065466448445,22
514999999,500,504,633,921,1015,5,NCNTY05149N05149,"Yell County, AR",149,99999,Yell County,Yell County,22185.0,611,AR,40,0,0.0360065466448445,22
600199999,1540,1855,2329,3219,3946,6,METRO41860MM5775,"Oakland-Fremont, CA HUD Metro FMR Area",1,99999,Alameda County,Alameda County,1510271.0,2173,CA,40,1,0.0717901518637828,156
600399999,646,710,940,1339,1520,6,NCNTY06003N06003,"Alpine County, CA",3,99999,Alpine County,Alpine County,1175.0,846,CA,40,0,0.111111111111111,94
600599999,725,793,1055,1522,1687,6,NCNTY06005N06005,"Amador County, CA",5,99999,Amador County,Amador County,38091.0,1012,CA,40,0,0.0424901185770751,43
600799999,712,785,992,1443,1689,6,METRO17020M17020,"Chico, CA MSA",7,99999,Butte County,Butte County,220000.0,923,CA,40,1,0.0747562296858072,69
600999999,619,763,902,1312,1589,6,NCNTY06009N06009,"Calaveras County, CA",9,99999,Calaveras County,Calaveras County,45578.0,867,CA,40,0,0.0403690888119954,35
601199999,546,745,856,1245,1441,6,NCNTY06011N06011,"Colusa County, CA",11,99999,Colusa County,Colusa County,21419.0,822,CA,40,0,0.0413625304136253,34
601399999,1540,1855,2329,3219,3946,6,METRO41860MM5775,"Oakland-Fremont, CA HUD Metro FMR Area",13,99999,Contra Costa County,Contra Costa County,1049025.0,2173,CA,40,1,0.0717901518637828,156
601599999,662,724,893,1266,1460,6,NCNTY06015N06015,"Del Norte County, CA",15,99999,Del Norte County,Del Norte County,28610.0,890,CA,40,0,0.00337078651685393,3
601799999,757,860,1086,1580,1913,6,METRO40900M40900,"Sacramento--Roseville--Arden-Arcade, CA HUD Metro FMR Area",17,99999,El Dorado County,El Dorado County,181058.0,1036,CA,40,1,0.0482625482625483,50
601999999,697,771,958,1368,1599,6,METRO23420M23420,"Fresno, CA MSA",19,99999,Fresno County,Fresno County,930450.0,887,CA,40,1,0.0800450958286359,71
602199999,558,611,813,1060,1107,6,NCNTY06021N06021,"Glenn County, CA",21,99999,Glenn County,Glenn County,28122.0,775,CA,40,0,0.0490322580645161,38
602399999,639,729,956,1391,1600,6,NCNTY06023N06023,"Humboldt County, CA",23,99999,Humboldt County,Humboldt County,134623.0,1026,CA,40,0,-0.0682261208576998,-70
602599999,575,687,901,1199,1564,6,METRO20940M20940,"El Centro, CA MSA",25,99999,Imperial County,Imperial County,174528.0,822,CA,40,1,0.0961070559610706,79
602799999,755,760,917,1309,1313,6,NCNTY06027N06027,"Inyo County, CA",27,99999,Inyo County,Inyo County,18546.0,878,CA,40,0,0.0444191343963554,39
602999999,672,695,904,1303,1550,6,METRO12540M12540,"Bakersfield, CA MSA",29,99999,Kern County,Kern County,839631.0,844,CA,40,1,0.0710900473933649,60
603199999,747,752,929,1331,1496,6,METRO25260M25260,"Hanford-Corcoran, CA MSA",31,99999,Kings County,Kings County,152982.0,803,CA,40,1,0.156911581569116,126
603399999,583,705,914,1330,1474,6,NCNTY06033N06033,"Lake County, CA",33,99999,Lake County,Lake County,64665.0,915,CA,40,0,-0.00109289617486339,-1
603599999,596,653,868,1220,1454,6,NCNTY06035N06035,"Lassen County, CA",35,99999,Lassen County,Lassen County,34895.0,917,CA,40,0,-0.0534351145038168,-49
603799999,1067,1284,1663,2231,2467,6,METRO31080MM4480,"Los Angeles-Long Beach-Glendale, CA HUD Metro FMR Area",37,99999,Los Angeles County,Los Angeles County,9818605.0,1545,CA,40,1,0.0763754045307443,118
603999999,718,723,962,1361,1548,6,METRO31460M31460,"Madera, CA MSA",39,99999,Madera County,Madera County,150865.0,893,CA,40,1,0.0772676371780515,69
604199999,2014,2499,3121,4070,4346,6,METRO41860MM7360,"San Francisco, CA HUD Metro FMR Area",41,99999,Marin County,Marin County,252409.0,3018,CA,40,1,0.0341285619615639,103
604399999,626,717,912,1286,1555,6,NCNTY06043N06043,"Mariposa County, CA",43,99999,Mariposa County,Mariposa County,18251.0,864,CA,40,0,0.0555555555555556,48
604599999,708,777,1033,1461,1653,6,NCNTY06045N06045,"Mendocino County, CA",45,99999,Mendocino County,Mendocino County,87841.0,1031,CA,40,0,0.00193986420950533,2
604799999,542,623,790,1149,1368,6,METRO32900M32900,"Merced, CA MSA",47,99999,Merced County,Merced County,255793.0,776,CA,40,1,0.0180412371134021,14
604999999,479,533,697,1014,1127,6,NCNTY06049N06049,"Modoc County, CA",49,99999,Modoc County,Modoc County,9686.0,681,CA,40,0,0.0234948604992658,16
605199999,790,924,1229,1545,1988,6,NCNTY06051N06051,"Mono County, CA",51,99999,Mono County,Mono County,14202.0,1190,CA,40,0,0.0327731092436975,39
605399999,986,1146,1433,2074,2215,6,METRO41500M41500,"Salinas, CA MSA",53,99999,Monterey County,Monterey County,415057.0,1417,CA,40,1,0.0112914608327452,16
605599999,1005,1196,1575,2286,2533,6,METRO34900M34900,"Napa, CA MSA",55,99999,Napa County,Napa County,136484.0,1598,CA,40,1,-0.0143929912390488,-23
605799999,757,892,1186,1725,2075,6,NCNTY06057N06057,"Nevada County, CA",57,99999,Nevada County,Nevada County,98764.0,1309,CA,40,0,-0.093964858670741,-123
605999999,1294,1493,1876,2626,3045,6,METRO31080MM5945," Santa Ana-Anaheim-Irvine, CA HUD Metro FMR Area",59,99999,Orange County,Orange County,3010232.0,1813,CA,40,1,0.0347490347490347,63
606199999,757,860,1086,1580,1913,6,METRO40900M40900,"Sacramento--Roseville--Arden-Arcade, CA HUD Metro FMR Area",61,99999,Placer County,Placer County,348432.0,1036,CA,40,1,0.0482625482625483,50
606399999,592,751,862,1169,1330,6,NCNTY06063N06063,"Plumas County, CA",63,99999,Plumas County,Plumas County,20007.0,831,CA,40,0,0.0373044524669073,31
606599999,768,926,1156,1618,2004,6,METRO40140M40140,"Riverside-San Bernardino-Ontario, CA MSA",65,99999,Riverside County,Riverside County,2189641.0,1197,CA,40,1,-0.0342522974101921,-41
606799999,757,860,1086,1580,1913,6,METRO40900M40900,"Sacramento--Roseville--Arden-Arcade, CA HUD Metro FMR Area",67,99999,Sacramento County,Sacramento County,1418788.0,1036,CA,40,1,0.0482625482625483,50
606999999,1269,1277,1699,2471,2992,6,METRO41940N06069,"San Benito County, CA HUD Metro FMR Area",69,99999,San Benito County,San Benito County,55269.0,1490,CA,40,1,0.140268456375839,209
607199999,768,926,1156,1618,2004,6,METRO40140M40140,"Riverside-San Bernardino-Ontario, CA MSA",71,99999,San Bernardino County,San Bernardino County,2035210.0,1197,CA,40,1,-0.0342522974101921,-41
607399999,1257,1400,1816,2612,3198,6,METRO41740M41740,"San Diego-Carlsbad, CA MSA",73,99999,San Diego County,San Diego County,3095313.0,1741,CA,50,1,0.0430786904078116,75
607599999,2014,2499,3121,4070,4346,6,METRO41860MM7360,"San Francisco, CA HUD Metro FMR Area",75,99999,San Francisco County,San Francisco County,805235.0,3018,CA,40,1,0.0341285619615639,103
607799999,631,746,990,1440,1744,6,METRO44700M44700,"Stockton-Lodi, CA MSA",77,99999,San Joaquin County,San Joaquin County,685306.0,967,CA,40,1,0.0237849017580145,23
607999999,971,1107,1427,2076,2513,6,METRO42020M42020,"San Luis Obispo-Paso Robles-Arroyo Grande, CA MSA",79,99999,San Luis Obispo County,San Luis Obispo County,269637.0,1309,CA,40,1,0.0901451489686784,118
608199999,2014,2499,3121,4070,4346,6,METRO41860MM7360,"San Francisco, CA HUD Metro FMR Area",81,99999,San Mateo County,San Mateo County,718451.0,3018,CA,40,1,0.0341285619615639,103
608399999,1393,1636,1917,2603,3030,6,METRO42200M42200,"Santa Maria-Santa Barbara, CA MSA",83,99999,Santa Barbara County,Santa Barbara County,423895.0,1555,CA,40,1,0.232797427652733,362
608599999,1716,2031,2522,3468,3942,6,METRO41940M41940,"San Jose-Sunnyvale-Santa Clara, CA HUD Metro FMR Area",85,99999,Santa Clara County,Santa Clara County,1781642.0,2220,CA,40,1,0.136036036036036,302
608799999,1253,1477,1965,2615,2961,6,METRO42100M42100,"Santa Cruz-Watsonville, CA MSA",87,99999,Santa Cruz County,Santa Cruz County,262382.0,1828,CA,40,1,0.074945295404814,137
608999999,658,713,915,1331,1612,6,METRO39820M39820,"Redding, CA MSA",89,99999,Shasta County,Shasta County,177223.0,892,CA,40,1,0.0257847533632287,23
609199999,818,899,1191,1493,1926,6,NCNTY06091N06091,"Sierra County, CA",91,99999,Sierra County,Sierra County,3240.0,1151,CA,40,0,0.0347523892267593,40
609399999,524,617,821,1137,1353,6,NCNTY06093N06093,"Siskiyou County, CA",93,99999,Siskiyou County,Siskiyou County,44900.0,814,CA,40,0,0.0085995085995086,7
609599999,874,1087,1341,1951,2361,6,METRO46700M46700,"Vallejo-Fairfield, CA MSA",95,99999,Solano County,Solano County,413344.0,1294,CA,40,1,0.0363214837712519,47
609799999,1224,1420,1843,2681,3246,6,METRO42220M42220,"Santa Rosa, CA MSA",97,99999,Sonoma County,Sonoma County,483878.0,1572,CA,40,1,0.172391857506361,271
609999999,727,809,1035,1478,1772,6,METRO33700M33700,"Modesto, CA MSA",99,99999,Stanislaus County,Stanislaus County,514453.0,938,CA,40,1,0.103411513859275,97
610199999,674,678,887,1290,1562,6,METRO49700M49700,"Yuba City, CA MSA",101,99999,Sutter County,Sutter County,94737.0,886,CA,40,1,0.00112866817155756,1
610399999,563,617,820,1115,1119,6,NCNTY06103N06103,"Tehama County, CA",103,99999,Tehama County,Tehama County,63463.0,823,CA,40,0,-0.00364520048602673,-3
610599999,582,637,847,1217,1492,6,NCNTY06105N06105,"Trinity County, CA",105,99999,Trinity County,Trinity County,13786.0,813,CA,40,0,0.041820418204182,34
610799999,629,633,842,1194,1396,6,METRO47300M47300,"Visalia-Porterville, CA MSA",107,99999,Tulare County,Tulare County,442179.0,873,CA,40,1,-0.0355097365406644,-31
610999999,654,746,957,1315,1496,6,NCNTY06109N06109,"Tuolumne County, CA",109,99999,Tuolumne County,Tuolumne County,55365.0,969,CA,40,0,-0.0123839009287926,-12
611199999,1109,1308,1739,2455,2938,6,METRO37100M37100,"Oxnard-Thousand Oaks-Ventura, CA MSA",111,99999,Ventura County,Ventura County,823318.0,1762,CA,40,1,-0.0130533484676504,-23
611399999,848,905,1203,1706,2119,6,METRO40900MM9270,"Yolo, CA HUD Metro FMR Area",113,99999,Yolo County,Yolo County,200849.0,1175,CA,40,1,0.0238297872340426,28
611599999,674,678,887,1290,1562,6,METRO49700M49700,"Yuba City, CA MSA",115,99999,Yuba County,Yuba County,72155.0,886,CA,40,1,0.00112866817155756,1
800199999,938,1127,1418,2031,2351,8,METRO19740M19740,"Denver-Aurora-Lakewood, CO MSA",1,99999,Adams County,Adams County,441603.0,1305,CO,40,1,0.0865900383141762,113
800399999,620,623,756,1061,1159,8,NCNTY08003N08003,"Alamosa County, CO",3,99999,Alamosa County,Alamosa County,15445.0,715,CO,40,0,0.0573426573426573,41
800599999,938,1127,1418,2031,2351,8,METRO19740M19740,"Denver-Aurora-Lakewood, CO MSA",5,99999,Arapahoe County,Arapahoe County,572003.0,1305,CO,40,1,0.0865900383141762,113
800799999,704,708,913,1242,1416,8,NCNTY08007N08007,"Archuleta County, CO",7,99999,Archuleta County,Archuleta County,12084.0,808,CO,40,0,0.129950495049505,105
800999999,590,607,697,1014,1228,8,NCNTY08009N08009,"Baca County, CO",9,99999,Baca County,Baca County,3788.0,681,CO,40,0,0.0234948604992658,16
801199999,554,558,740,962,1008,8,NCNTY08011N08011,"Bent County, CO",11,99999,Bent County,Bent County,6499.0,686,CO,40,0,0.0787172011661808,54
801399999,1084,1195,1461,2056,2350,8,METRO14500M14500,"Boulder, CO MSA",13,99999,Boulder County,Boulder County,294567.0,1240,CO,40,1,0.178225806451613,221
801499999,938,1127,1418,2031,2351,8,METRO19740M19740,"Denver-Aurora-Lakewood, CO MSA",14,99999,Broomfield County,Broomfield County,55889.0,1305,CO,40,1,0.0865900383141762,113
801599999,550,648,862,1170,1174,8,NCNTY08015N08015,"Chaffee County, CO",15,99999,Chaffee County,Chaffee County,17809.0,764,CO,40,0,0.128272251308901,98
801799999,521,525,698,875,965,8,NCNTY08017N08017,"Cheyenne County, CO",17,99999,Cheyenne County,Cheyenne County,1836.0,681,CO,40,0,0.0249632892804699,17
801999999,938,1127,1418,2031,2351,8,METRO19740M19740,"Denver-Aurora-Lakewood, CO MSA",19,99999,Clear Creek County,Clear Creek County,9088.0,1305,CO,40,1,0.0865900383141762,113
802199999,590,604,697,941,949,8,NCNTY08021N08021,"Conejos County, CO",21,99999,Conejos County,Conejos County,8256.0,681,CO,40,0,0.0234948604992658,16
802399999,573,576,743,932,1139,8,NCNTY08023N08023,"Costilla County, CO",23,99999,Costilla County,Costilla County,3524.0,681,CO,40,0,0.0910425844346549,62
802599999,611,629,722,905,1008,8,NCNTY08025N08025,"Crowley County, CO",25,99999,Crowley County,Crowley County,5823.0,681,CO,40,0,0.0602055800293686,41
802799999,549,552,712,1036,1254,8,NCNTY08027N08027,"Custer County, CO",27,99999,Custer County,Custer County,4255.0,681,CO,40,0,0.0455212922173275,31
802999999,680,685,911,1224,1299,8,NCNTY08029N08029,"Delta County, CO",29,99999,Delta County,Delta County,30952.0,835,CO,40,0,0.0910179640718563,76
803199999,938,1127,1418,2031,2351,8,METRO19740M19740,"Denver-Aurora-Lakewood, CO MSA",31,99999,Denver County,Denver County,600158.0,1305,CO,40,1,0.0865900383141762,113
803399999,590,607,697,1014,1068,8,NCNTY08033N08033,"Dolores County, CO",33,99999,Dolores County,Dolores County,2064.0,681,CO,40,0,0.0234948604992658,16
803599999,938,1127,1418,2031,2351,8,METRO19740M19740,"Denver-Aurora-Lakewood, CO MSA",35,99999,Douglas County,Douglas County,285465.0,1305,CO,40,1,0.0865900383141762,113
803799999,929,1162,1456,1825,2209,8,NCNTY08037N08037,"Eagle County, CO",37,99999,Eagle County,Eagle County,52197.0,1256,CO,40,0,0.159235668789809,200
803999999,938,1127,1418,2031,2351,8,METRO19740M19740,"Denver-Aurora-Lakewood, CO MSA",39,99999,Elbert County,Elbert County,23086.0,1305,CO,40,1,0.0865900383141762,113
804199999,651,793,1020,1484,1797,8,METRO17820M17820,"Colorado Springs, CO HUD Metro FMR Area",41,99999,El Paso County,El Paso County,622263.0,950,CO,40,1,0.0736842105263158,70
804399999,603,607,776,1098,1250,8,NCNTY08043N08043,"Fremont County, CO",43,99999,Fremont County,Fremont County,46824.0,709,CO,40,0,0.0944992947813822,67
804599999,849,855,1112,1574,1934,8,NCNTY08045N08045,"Garfield County, CO",45,99999,Garfield County,Garfield County,56389.0,1019,CO,40,0,0.0912659470068695,93
804799999,938,1127,1418,2031,2351,8,METRO19740M19740,"Denver-Aurora-Lakewood, CO MSA",47,99999,Gilpin County,Gilpin County,5441.0,1305,CO,40,1,0.0865900383141762,113
804999999,658,776,1032,1400,1608,8,NCNTY08049N08049,"Grand County, CO",49,99999,Grand County,Grand County,14843.0,943,CO,40,0,0.0943796394485684,89
805199999,575,734,901,1248,1582,8,NCNTY08051N08051,"Gunnison County, CO",51,99999,Gunnison County,Gunnison County,15324.0,800,CO,40,0,0.12625,101
805399999,574,713,819,1135,1255,8,NCNTY08053N08053,"Hinsdale County, CO",53,99999,Hinsdale County,Hinsdale County,843.0,754,CO,40,0,0.0862068965517241,65
805599999,570,573,742,1007,1011,8,NCNTY08055N08055,"Huerfano County, CO",55,99999,Huerfano County,Huerfano County,6711.0,681,CO,40,0,0.0895741556534508,61
805799999,661,665,858,1076,1315,8,NCNTY08057N08057,"Jackson County, CO",57,99999,Jackson County,Jackson County,1394.0,737,CO,40,0,0.164179104477612,121
805999999,938,1127,1418,2031,2351,8,METRO19740M19740,"Denver-Aurora-Lakewood, CO MSA",59,99999,Jefferson County,Jefferson County,534543.0,1305,CO,40,1,0.0865900383141762,113
806199999,630,634,817,1024,1113,8,NCNTY08061N08061,"Kiowa County, CO",61,99999,Kiowa County,Kiowa County,1398.0,775,CO,40,0,0.0541935483870968,42
806399999,537,541,697,887,1228,8,NCNTY08063N08063,"Kit Carson County, CO",63,99999,Kit Carson County,Kit Carson County,8270.0,681,CO,40,0,0.0234948604992658,16
806599999,753,758,916,1222,1404,8,NCNTY08065N08065,"Lake County, CO",65,99999,Lake County,Lake County,7310.0,869,CO,40,0,0.0540851553509781,47
806799999,775,861,1043,1517,1683,8,NCNTY08067N08067,"La Plata County, CO",67,99999,La Plata County,La Plata County,51334.0,967,CO,40,0,0.078593588417787,76
806999999,782,905,1106,1609,1948,8,METRO22660M22660,"Fort Collins, CO MSA",69,99999,Larimer County,Larimer County,299630.0,996,CO,40,1,0.110441767068273,110
807199999,631,635,845,1162,1243,8,NCNTY08071N08071,"Las Animas County, CO",71,99999,Las Animas County,Las Animas County,15507.0,793,CO,40,0,0.0655737704918033,52
807399999,559,563,749,987,1148,8,NCNTY08073N08073,"Lincoln County, CO",73,99999,Lincoln County,Lincoln County,5467.0,681,CO,40,0,0.0998531571218796,68
807599999,616,620,770,1120,1344,8,NCNTY08075N08075,"Logan County, CO",75,99999,Logan County,Logan County,22709.0,702,CO,40,0,0.0968660968660969,68
807799999,589,635,844,1228,1487,8,METRO24300M24300,"Grand Junction, CO MSA",77,99999,Mesa County,Mesa County,146723.0,799,CO,40,1,0.0563204005006258,45
807999999,683,687,886,1227,1358,8,NCNTY08079N08079,"Mineral County, CO",79,99999,Mineral County,Mineral County,712.0,681,CO,40,0,0.301027900146843,205
808199999,680,684,809,1171,1396,8,NCNTY08081N08081,"Moffat County, CO",81,99999,Moffat County,Moffat County,13795.0,727,CO,40,0,0.112792297111417,82
808399999,607,610,726,1056,1279,8,NCNTY08083N08083,"Montezuma County, CO",83,99999,Montezuma County,Montezuma County,25535.0,681,CO,40,0,0.066079295154185,45
808599999,657,662,880,1219,1223,8,NCNTY08085N08085,"Montrose County, CO",85,99999,Montrose County,Montrose County,41276.0,796,CO,40,0,0.105527638190955,84
808799999,565,574,763,1023,1082,8,NCNTY08087N08087,"Morgan County, CO",87,99999,Morgan County,Morgan County,28159.0,681,CO,40,0,0.120411160058737,82
808999999,587,591,786,985,1071,8,NCNTY08089N08089,"Otero County, CO",89,99999,Otero County,Otero County,18831.0,707,CO,40,0,0.111739745403112,79
809199999,729,884,1143,1546,1752,8,NCNTY08091N08091,"Ouray County, CO",91,99999,Ouray County,Ouray County,4436.0,1076,CO,40,0,0.0622676579925651,67
809399999,938,1127,1418,2031,2351,8,METRO19740M19740,"Denver-Aurora-Lakewood, CO MSA",93,99999,Park County,Park County,16206.0,1305,CO,40,1,0.0865900383141762,113
809599999,538,542,721,904,1105,8,NCNTY08095N08095,"Phillips County, CO",95,99999,Phillips County,Phillips County,4442.0,681,CO,40,0,0.0587371512481645,40
809799999,1108,1306,1737,2357,2366,8,NCNTY08097N08097,"Pitkin County, CO",97,99999,Pitkin County,Pitkin County,17148.0,1599,CO,40,0,0.0863039399624766,138
809999999,584,587,697,941,1072,8,NCNTY08099N08099,"Prowers County, CO",99,99999,Prowers County,Prowers County,12551.0,681,CO,40,0,0.0234948604992658,16
810199999,575,579,770,1090,1244,8,METRO39380M39380,"Pueblo, CO MSA",101,99999,Pueblo County,Pueblo County,159063.0,802,CO,40,1,-0.0399002493765586,-32
810399999,621,625,806,1107,1111,8,NCNTY08103N08103,"Rio Blanco County, CO",103,99999,Rio Blanco County,Rio Blanco County,6666.0,736,CO,40,0,0.0951086956521739,70
810599999,590,607,697,1012,1106,8,NCNTY08105N08105,"Rio Grande County, CO",105,99999,Rio Grande County,Rio Grande County,11982.0,681,CO,40,0,0.0234948604992658,16
810799999,985,991,1236,1798,1894,8,NCNTY08107N08107,"Routt County, CO",107,99999,Routt County,Routt County,23509.0,1135,CO,40,0,0.0889867841409692,101
810999999,521,524,697,1014,1068,8,NCNTY08109N08109,"Saguache County, CO",109,99999,Saguache County,Saguache County,6108.0,681,CO,40,0,0.0234948604992658,16
811199999,954,960,1238,1552,1897,8,NCNTY08111N08111,"San Juan County, CO",111,99999,San Juan County,San Juan County,699.0,1054,CO,40,0,0.174573055028463,184
811399999,929,1095,1456,1871,2156,8,NCNTY08113N08113,"San Miguel County, CO",113,99999,San Miguel County,San Miguel County,7359.0,1302,CO,40,0,0.118279569892473,154
811599999,521,524,697,881,1007,8,NCNTY08115N08115,"Sedgwick County, CO",115,99999,Sedgwick County,Sedgwick County,2379.0,681,CO,40,0,0.0234948604992658,16
811799999,1060,1067,1419,1779,1933,8,NCNTY08117N08117,"Summit County, CO",117,99999,Summit County,Summit County,27994.0,1277,CO,40,0,0.111198120595145,142
811999999,666,803,1044,1503,1839,8,METRO17820N08119,"Teller County, CO HUD Metro FMR Area",119,99999,Teller County,Teller County,23350.0,1003,CO,40,1,0.0408773678963111,41
812199999,590,607,697,903,1068,8,NCNTY08121N08121,"Washington County, CO",121,99999,Washington County,Washington County,4814.0,681,CO,40,0,0.0234948604992658,16
812399999,625,744,937,1363,1650,8,METRO24540M24540,"Greeley, CO MSA",123,99999,Weld County,Weld County,252825.0,897,CO,40,1,0.0445930880713489,40
812599999,521,524,697,1014,1123,8,NCNTY08125N08125,"Yuma County, CO",125,99999,Yuma County,Yuma County,10043.0,681,CO,40,0,0.0234948604992658,16
900104720,1026,1280,1609,2017,2512,9,METRO14860MM1930,"Danbury, CT HUD Metro FMR Area",1,4720,Fairfield County,Bethel town,18584.0,1377,CT,40,1,0.168482207697894,232
900108070,846,1010,1272,1595,1969,9,METRO14860MM1160,"Bridgeport, CT HUD Metro FMR Area",1,8070,Fairfield County,Bridgeport town,144229.0,1243,CT,40,1,0.0233306516492357,29
900108980,1026,1280,1609,2017,2512,9,METRO14860MM1930,"Danbury, CT HUD Metro FMR Area",1,8980,Fairfield County,Brookfield town,16452.0,1377,CT,40,1,0.168482207697894,232
900118500,1026,1280,1609,2017,2512,9,METRO14860MM1930,"Danbury, CT HUD Metro FMR Area",1,18500,Fairfield County,Danbury town,80893.0,1377,CT,40,1,0.168482207697894,232
900118850,1267,1571,1986,2544,3029,9,METRO14860MM8040,"Stamford-Norwalk, CT HUD Metro FMR Area",1,18850,Fairfield County,Darien town,20732.0,1958,CT,40,1,0.0143003064351379,28
900123890,846,1010,1272,1595,1969,9,METRO14860MM1160,"Bridgeport, CT HUD Metro FMR Area",1,23890,Fairfield County,Easton town,7490.0,1243,CT,40,1,0.0233306516492357,29
900126620,846,1010,1272,1595,1969,9,METRO14860MM1160,"Bridgeport, CT HUD Metro FMR Area",1,26620,Fairfield County,Fairfield town,59404.0,1243,CT,40,1,0.0233306516492357,29
900133620,1267,1571,1986,2544,3029,9,METRO14860MM8040,"Stamford-Norwalk, CT HUD Metro FMR Area",1,33620,Fairfield County,Greenwich town,61171.0,1958,CT,40,1,0.0143003064351379,28
900148620,846,1010,1272,1595,1969,9,METRO14860MM1160,"Bridgeport, CT HUD Metro FMR Area",1,48620,Fairfield County,Monroe town,19479.0,1243,CT,40,1,0.0233306516492357,29
900150580,1267,1571,1986,2544,3029,9,METRO14860MM8040,"Stamford-Norwalk, CT HUD Metro FMR Area",1,50580,Fairfield County,New Canaan town,19738.0,1958,CT,40,1,0.0143003064351379,28
900150860,1026,1280,1609,2017,2512,9,METRO14860MM1930,"Danbury, CT HUD Metro FMR Area",1,50860,Fairfield County,New Fairfield town,13881.0,1377,CT,40,1,0.168482207697894,232
900152980,1026,1280,1609,2017,2512,9,METRO14860MM1930,"Danbury, CT HUD Metro FMR Area",1,52980,Fairfield County,Newtown town,27560.0,1377,CT,40,1,0.168482207697894,232
900156060,1267,1571,1986,2544,3029,9,METRO14860MM8040,"Stamford-Norwalk, CT HUD Metro FMR Area",1,56060,Fairfield County,Norwalk town,85603.0,1958,CT,40,1,0.0143003064351379,28
900163480,1026,1280,1609,2017,2512,9,METRO14860MM1930,"Danbury, CT HUD Metro FMR Area",1,63480,Fairfield County,Redding town,9158.0,1377,CT,40,1,0.168482207697894,232
900163970,1026,1280,1609,2017,2512,9,METRO14860MM1930,"Danbury, CT HUD Metro FMR Area",1,63970,Fairfield County,Ridgefield town,24638.0,1377,CT,40,1,0.168482207697894,232
900168170,846,1010,1272,1595,1969,9,METRO14860MM1160,"Bridgeport, CT HUD Metro FMR Area",1,68170,Fairfield County,Shelton town,39559.0,1243,CT,40,1,0.0233306516492357,29
900168310,1026,1280,1609,2017,2512,9,METRO14860MM1930,"Danbury, CT HUD Metro FMR Area",1,68310,Fairfield County,Sherman town,3581.0,1377,CT,40,1,0.168482207697894,232
900173070,1267,1571,1986,2544,3029,9,METRO14860MM8040,"Stamford-Norwalk, CT HUD Metro FMR Area",1,73070,Fairfield County,Stamford town,122643.0,1958,CT,40,1,0.0143003064351379,28
900174190,846,1010,1272,1595,1969,9,METRO14860MM1160,"Bridgeport, CT HUD Metro FMR Area",1,74190,Fairfield County,Stratford town,51384.0,1243,CT,40,1,0.0233306516492357,29
900177200,846,1010,1272,1595,1969,9,METRO14860MM1160,"Bridgeport, CT HUD Metro FMR Area",1,77200,Fairfield County,Trumbull town,36018.0,1243,CT,40,1,0.0233306516492357,29
900183430,1267,1571,1986,2544,3029,9,METRO14860MM8040,"Stamford-Norwalk, CT HUD Metro FMR Area",1,83430,Fairfield County,Weston town,10179.0,1958,CT,40,1,0.0143003064351379,28
900183500,1267,1571,1986,2544,3029,9,METRO14860MM8040,"Stamford-Norwalk, CT HUD Metro FMR Area",1,83500,Fairfield County,Westport town,26391.0,1958,CT,40,1,0.0143003064351379,28
900186370,1267,1571,1986,2544,3029,9,METRO14860MM8040,"Stamford-Norwalk, CT HUD Metro FMR Area",1,86370,Fairfield County,Wilton town,18062.0,1958,CT,40,1,0.0143003064351379,28
900302060,752,929,1158,1452,1620,9,METRO25540M25540,"Hartford-West Hartford-East Hartford, CT HUD Metro FMR Area",3,2060,Hartford County,Avon town,18098.0,1212,CT,40,1,-0.0445544554455446,-54
900304300,752,929,1158,1452,1620,9,METRO25540M25540,"Hartford-West Hartford-East Hartford, CT HUD Metro FMR Area",3,4300,Hartford County,Berlin town,19866.0,1212,CT,40,1,-0.0445544554455446,-54
900305910,752,929,1158,1452,1620,9,METRO25540M25540,"Hartford-West Hartford-East Hartford, CT HUD Metro FMR Area",3,5910,Hartford County,Bloomfield town,20486.0,1212,CT,40,1,-0.0445544554455446,-54
900308490,752,929,1158,1452,1620,9,METRO25540M25540,"Hartford-West Hartford-East Hartford, CT HUD Metro FMR Area",3,8490,Hartford County,Bristol town,60477.0,1212,CT,40,1,-0.0445544554455446,-54
900310100,752,929,1158,1452,1620,9,METRO25540M25540,"Hartford-West Hartford-East Hartford, CT HUD Metro FMR Area",3,10100,Hartford County,Burlington town,9301.0,1212,CT,40,1,-0.0445544554455446,-54
900312270,752,929,1158,1452,1620,9,METRO25540M25540,"Hartford-West Hartford-East Hartford, CT HUD Metro FMR Area",3,12270,Hartford County,Canton town,10292.0,1212,CT,40,1,-0.0445544554455446,-54
900322070,752,929,1158,1452,1620,9,METRO25540M25540,"Hartford-West Hartford-East Hartford, CT HUD Metro FMR Area",3,22070,Hartford County,East Granby town,5148.0,1212,CT,40,1,-0.0445544554455446,-54
900322630,752,929,1158,1452,1620,9,METRO25540M25540,"Hartford-West Hartford-East Hartford, CT HUD Metro FMR Area",3,22630,Hartford County,East Hartford town,51252.0,1212,CT,40,1,-0.0445544554455446,-54
900324800,752,929,1158,1452,1620,9,METRO25540M25540,"Hartford-West Hartford-East Hartford, CT HUD Metro FMR Area",3,24800,Hartford County,East Windsor town,11162.0,1212,CT,40,1,-0.0445544554455446,-54
900325990,752,929,1158,1452,1620,9,METRO25540M25540,"Hartford-West Hartford-East Hartford, CT HUD Metro FMR Area",3,25990,Hartford County,Enfield town,44654.0,1212,CT,40,1,-0.0445544554455446,-54
900327600,752,929,1158,1452,1620,9,METRO25540M25540,"Hartford-West Hartford-East Hartford, CT HUD Metro FMR Area",3,27600,Hartford County,Farmington town,25340.0,1212,CT,40,1,-0.0445544554455446,-54
900331240,752,929,1158,1452,1620,9,METRO25540M25540,"Hartford-West Hartford-East Hartford, CT HUD Metro FMR Area",3,31240,Hartford County,Glastonbury town,34427.0,1212,CT,40,1,-0.0445544554455446,-54
900332640,752,929,1158,1452,1620,9,METRO25540M25540,"Hartford-West Hartford-East Hartford, CT HUD Metro FMR Area",3,32640,Hartford County,Granby town,11282.0,1212,CT,40,1,-0.0445544554455446,-54
900337070,752,929,1158,1452,1620,9,METRO25540M25540,"Hartford-West Hartford-East Hartford, CT HUD Metro FMR Area",3,37070,Hartford County,Hartford town,124775.0,1212,CT,40,1,-0.0445544554455446,-54
900337140,752,929,1158,1452,1620,9,METRO25540M25540,"Hartford-West Hartford-East Hartford, CT HUD Metro FMR Area",3,37140,Hartford County,Hartland town,2114.0,1212,CT,40,1,-0.0445544554455446,-54
900344700,752,929,1158,1452,1620,9,METRO25540M25540,"Hartford-West Hartford-East Hartford, CT HUD Metro FMR Area",3,44700,Hartford County,Manchester town,58241.0,1212,CT,40,1,-0.0445544554455446,-54
900345820,752,929,1158,1452,1620,9,METRO25540M25540,"Hartford-West Hartford-East Hartford, CT HUD Metro FMR Area",3,45820,Hartford County,Marlborough town,6404.0,1212,CT,40,1,-0.0445544554455446,-54
900350440,752,929,1158,1452,1620,9,METRO25540M25540,"Hartford-West Hartford-East Hartford, CT HUD Metro FMR Area",3,50440,Hartford County,New Britain town,73206.0,1212,CT,40,1,-0.0445544554455446,-54
900352140,752,929,1158,1452,1620,9,METRO25540M25540,"Hartford-West Hartford-East Hartford, CT HUD Metro FMR Area",3,52140,Hartford County,Newington town,30562.0,1212,CT,40,1,-0.0445544554455446,-54
900360120,752,929,1158,1452,1620,9,METRO25540M25540,"Hartford-West Hartford-East Hartford, CT HUD Metro FMR Area",3,60120,Hartford County,Plainville town,17716.0,1212,CT,40,1,-0.0445544554455446,-54
900365370,752,929,1158,1452,1620,9,METRO25540M25540,"Hartford-West Hartford-East Hartford, CT HUD Metro FMR Area",3,65370,Hartford County,Rocky Hill town,19709.0,1212,CT,40,1,-0.0445544554455446,-54
900368940,752,929,1158,1452,1620,9,METRO25540M25540,"Hartford-West Hartford-East Hartford, CT HUD Metro FMR Area",3,68940,Hartford County,Simsbury town,23511.0,1212,CT,40,1,-0.0445544554455446,-54
900370550,752,929,1158,1452,1620,9,METRO25540M25540,"Hartford-West Hartford-East Hartford, CT HUD Metro FMR Area",3,70550,Hartford County,Southington town,43069.0,1212,CT,40,1,-0.0445544554455446,-54
900371390,752,929,1158,1452,1620,9,METRO25540M25540,"Hartford-West Hartford-East Hartford, CT HUD Metro FMR Area",3,71390,Hartford County,South Windsor town,25709.0,1212,CT,40,1,-0.0445544554455446,-54
900374540,752,929,1158,1452,1620,9,METRO25540M25540,"Hartford-West Hartford-East Hartford, CT HUD Metro FMR Area",3,74540,Hartford County,Suffield town,15735.0,1212,CT,40,1,-0.0445544554455446,-54
900382590,752,929,1158,1452,1620,9,METRO25540M25540,"Hartford-West Hartford-East Hartford, CT HUD Metro FMR Area",3,82590,Hartford County,West Hartford town,63268.0,1212,CT,40,1,-0.0445544554455446,-54
900384900,752,929,1158,1452,1620,9,METRO25540M25540,"Hartford-West Hartford-East Hartford, CT HUD Metro FMR Area",3,84900,Hartford County,Wethersfield town,26668.0,1212,CT,40,1,-0.0445544554455446,-54
900387000,752,929,1158,1452,1620,9,METRO25540M25540,"Hartford-West Hartford-East Hartford, CT HUD Metro FMR Area",3,87000,Hartford County,Windsor town,29044.0,1212,CT,40,1,-0.0445544554455446,-54
900387070,752,929,1158,1452,1620,9,METRO25540M25540,"Hartford-West Hartford-East Hartford, CT HUD Metro FMR Area",3,87070,Hartford County,Windsor Locks town,12498.0,1212,CT,40,1,-0.0445544554455446,-54
900502760,697,854,1092,1385,1487,9,NCNTY09005N09005,"Litchfield County, CT",5,2760,Litchfield County,Barkhamsted town,3799.0,1095,CT,40,0,-0.00273972602739726,-3
900504930,697,854,1092,1385,1487,9,NCNTY09005N09005,"Litchfield County, CT",5,4930,Litchfield County,Bethlehem town,3607.0,1095,CT,40,0,-0.00273972602739726,-3
900508210,697,854,1092,1385,1487,9,NCNTY09005N09005,"Litchfield County, CT",5,8210,Litchfield County,Bridgewater town,1727.0,1095,CT,40,0,-0.00273972602739726,-3
900510940,697,854,1092,1385,1487,9,NCNTY09005N09005,"Litchfield County, CT",5,10940,Litchfield County,Canaan town,1234.0,1095,CT,40,0,-0.00273972602739726,-3
900516050,697,854,1092,1385,1487,9,NCNTY09005N09005,"Litchfield County, CT",5,16050,Litchfield County,Colebrook town,1485.0,1095,CT,40,0,-0.00273972602739726,-3
900517240,697,854,1092,1385,1487,9,NCNTY09005N09005,"Litchfield County, CT",5,17240,Litchfield County,Cornwall town,1420.0,1095,CT,40,0,-0.00273972602739726,-3
900532290,697,854,1092,1385,1487,9,NCNTY09005N09005,"Litchfield County, CT",5,32290,Litchfield County,Goshen town,2976.0,1095,CT,40,0,-0.00273972602739726,-3
900537280,697,854,1092,1385,1487,9,NCNTY09005N09005,"Litchfield County, CT",5,37280,Litchfield County,Harwinton town,5642.0,1095,CT,40,0,-0.00273972602739726,-3
900540290,697,854,1092,1385,1487,9,NCNTY09005N09005,"Litchfield County, CT",5,40290,Litchfield County,Kent town,2979.0,1095,CT,40,0,-0.00273972602739726,-3
900543370,697,854,1092,1385,1487,9,NCNTY09005N09005,"Litchfield County, CT",5,43370,Litchfield County,Litchfield town,8466.0,1095,CT,40,0,-0.00273972602739726,-3
900549460,697,854,1092,1385,1487,9,NCNTY09005N09005,"Litchfield County, CT",5,49460,Litchfield County,Morris town,2388.0,1095,CT,40,0,-0.00273972602739726,-3
900551350,697,854,1092,1385,1487,9,NCNTY09005N09005,"Litchfield County, CT",5,51350,Litchfield County,New Hartford town,6970.0,1095,CT,40,0,-0.00273972602739726,-3
900552630,697,854,1092,1385,1487,9,NCNTY09005N09005,"Litchfield County, CT",5,52630,Litchfield County,New Milford town,28142.0,1095,CT,40,0,-0.00273972602739726,-3
900553470,697,854,1092,1385,1487,9,NCNTY09005N09005,"Litchfield County, CT",5,53470,Litchfield County,Norfolk town,1709.0,1095,CT,40,0,-0.00273972602739726,-3
900554030,697,854,1092,1385,1487,9,NCNTY09005N09005,"Litchfield County, CT",5,54030,Litchfield County,North Canaan town,3315.0,1095,CT,40,0,-0.00273972602739726,-3
900560750,697,854,1092,1385,1487,9,NCNTY09005N09005,"Litchfield County, CT",5,60750,Litchfield County,Plymouth town,12243.0,1095,CT,40,0,-0.00273972602739726,-3
900565930,697,854,1092,1385,1487,9,NCNTY09005N09005,"Litchfield County, CT",5,65930,Litchfield County,Roxbury town,2262.0,1095,CT,40,0,-0.00273972602739726,-3
900566420,697,854,1092,1385,1487,9,NCNTY09005N09005,"Litchfield County, CT",5,66420,Litchfield County,Salisbury town,3741.0,1095,CT,40,0,-0.00273972602739726,-3
900567960,697,854,1092,1385,1487,9,NCNTY09005N09005,"Litchfield County, CT",5,67960,Litchfield County,Sharon town,2782.0,1095,CT,40,0,-0.00273972602739726,-3
900575730,697,854,1092,1385,1487,9,NCNTY09005N09005,"Litchfield County, CT",5,75730,Litchfield County,Thomaston town,7887.0,1095,CT,40,0,-0.00273972602739726,-3
900576570,697,854,1092,1385,1487,9,NCNTY09005N09005,"Litchfield County, CT",5,76570,Litchfield County,Torrington town,36383.0,1095,CT,40,0,-0.00273972602739726,-3
900579510,697,854,1092,1385,1487,9,NCNTY09005N09005,"Litchfield County, CT",5,79510,Litchfield County,Warren town,1461.0,1095,CT,40,0,-0.00273972602739726,-3
900579720,697,854,1092,1385,1487,9,NCNTY09005N09005,"Litchfield County, CT",5,79720,Litchfield County,Washington town,3578.0,1095,CT,40,0,-0.00273972602739726,-3
900580490,697,854,1092,1385,1487,9,NCNTY09005N09005,"Litchfield County, CT",5,80490,Litchfield County,Watertown town,22514.0,1095,CT,40,0,-0.00273972602739726,-3
900586440,697,854,1092,1385,1487,9,NCNTY09005N09005,"Litchfield County, CT",5,86440,Litchfield County,Winchester town,11242.0,1095,CT,40,0,-0.00273972602739726,-3
900587910,697,854,1092,1385,1487,9,NCNTY09005N09005,"Litchfield County, CT",5,87910,Litchfield County,Woodbury town,9975.0,1095,CT,40,0,-0.00273972602739726,-3
900714300,752,929,1158,1452,1620,9,METRO25540M25540,"Hartford-West Hartford-East Hartford, CT HUD Metro FMR Area",7,14300,Middlesex County,Chester town,3994.0,1212,CT,40,1,-0.0445544554455446,-54
900715350,884,1042,1386,2016,2441,9,METRO25540MM5480,"Southern Middlesex County, CT HUD Metro FMR Area",7,15350,Middlesex County,Clinton town,13260.0,1367,CT,40,1,0.013899049012436,19
900718080,752,929,1158,1452,1620,9,METRO25540M25540,"Hartford-West Hartford-East Hartford, CT HUD Metro FMR Area",7,18080,Middlesex County,Cromwell town,14005.0,1212,CT,40,1,-0.0445544554455446,-54
900719130,884,1042,1386,2016,2441,9,METRO25540MM5480,"Southern Middlesex County, CT HUD Metro FMR Area",7,19130,Middlesex County,Deep River town,4629.0,1367,CT,40,1,0.013899049012436,19
900720810,752,929,1158,1452,1620,9,METRO25540M25540,"Hartford-West Hartford-East Hartford, CT HUD Metro FMR Area",7,20810,Middlesex County,Durham town,7388.0,1212,CT,40,1,-0.0445544554455446,-54
900722280,752,929,1158,1452,1620,9,METRO25540M25540,"Hartford-West Hartford-East Hartford, CT HUD Metro FMR Area",7,22280,Middlesex County,East Haddam town,9126.0,1212,CT,40,1,-0.0445544554455446,-54
900722490,752,929,1158,1452,1620,9,METRO25540M25540,"Hartford-West Hartford-East Hartford, CT HUD Metro FMR Area",7,22490,Middlesex County,East Hampton town,12959.0,1212,CT,40,1,-0.0445544554455446,-54
900726270,884,1042,1386,2016,2441,9,METRO25540MM5480,"Southern Middlesex County, CT HUD Metro FMR Area",7,26270,Middlesex County,Essex town,6683.0,1367,CT,40,1,0.013899049012436,19
900735230,752,929,1158,1452,1620,9,METRO25540M25540,"Hartford-West Hartford-East Hartford, CT HUD Metro FMR Area",7,35230,Middlesex County,Haddam town,8346.0,1212,CT,40,1,-0.0445544554455446,-54
900740710,884,1042,1386,2016,2441,9,METRO25540MM5480,"Southern Middlesex County, CT HUD Metro FMR Area",7,40710,Middlesex County,Killingworth town,6525.0,1367,CT,40,1,0.013899049012436,19
900747080,752,929,1158,1452,1620,9,METRO25540M25540,"Hartford-West Hartford-East Hartford, CT HUD Metro FMR Area",7,47080,Middlesex County,Middlefield town,4425.0,1212,CT,40,1,-0.0445544554455446,-54
900747360,752,929,1158,1452,1620,9,METRO25540M25540,"Hartford-West Hartford-East Hartford, CT HUD Metro FMR Area",7,47360,Middlesex County,Middletown town,47648.0,1212,CT,40,1,-0.0445544554455446,-54
900757320,884,1042,1386,2016,2441,9,METRO25540MM5480,"Southern Middlesex County, CT HUD Metro FMR Area",7,57320,Middlesex County,Old Saybrook town,10242.0,1367,CT,40,1,0.013899049012436,19
900761800,752,929,1158,1452,1620,9,METRO25540M25540,"Hartford-West Hartford-East Hartford, CT HUD Metro FMR Area",7,61800,Middlesex County,Portland town,9508.0,1212,CT,40,1,-0.0445544554455446,-54
900781680,884,1042,1386,2016,2441,9,METRO25540MM5480,"Southern Middlesex County, CT HUD Metro FMR Area",7,81680,Middlesex County,Westbrook town,6938.0,1367,CT,40,1,0.013899049012436,19
900901220,913,1063,1310,1642,1942,9,METRO35300MM1160,"Milford-Ansonia-Seymour, CT HUD Metro FMR Area",9,1220,New Haven County,Ansonia town,19249.0,1295,CT,40,1,0.0115830115830116,15
900903250,913,1063,1310,1642,1942,9,METRO35300MM1160,"Milford-Ansonia-Seymour, CT HUD Metro FMR Area",9,3250,New Haven County,Beacon Falls town,6049.0,1295,CT,40,1,0.0115830115830116,15
900904580,965,1074,1299,1662,1979,9,METRO35300MM5480,"New Haven-Meriden, CT HUD Metro FMR Area",9,4580,New Haven County,Bethany town,5563.0,1325,CT,40,1,-0.019622641509434,-26
900907310,965,1074,1299,1662,1979,9,METRO35300MM5480,"New Haven-Meriden, CT HUD Metro FMR Area",9,7310,New Haven County,Branford town,28026.0,1325,CT,40,1,-0.019622641509434,-26
900914160,965,1074,1299,1662,1979,9,METRO35300MM5480,"New Haven-Meriden, CT HUD Metro FMR Area",9,14160,New Haven County,Cheshire town,29261.0,1325,CT,40,1,-0.019622641509434,-26
900919550,913,1063,1310,1642,1942,9,METRO35300MM1160,"Milford-Ansonia-Seymour, CT HUD Metro FMR Area",9,19550,New Haven County,Derby town,12902.0,1295,CT,40,1,0.0115830115830116,15
900922910,965,1074,1299,1662,1979,9,METRO35300MM5480,"New Haven-Meriden, CT HUD Metro FMR Area",9,22910,New Haven County,East Haven town,29257.0,1325,CT,40,1,-0.019622641509434,-26
900934950,965,1074,1299,1662,1979,9,METRO35300MM5480,"New Haven-Meriden, CT HUD Metro FMR Area",9,34950,New Haven County,Guilford town,22375.0,1325,CT,40,1,-0.019622641509434,-26
900935650,965,1074,1299,1662,1979,9,METRO35300MM5480,"New Haven-Meriden, CT HUD Metro FMR Area",9,35650,New Haven County,Hamden town,60960.0,1325,CT,40,1,-0.019622641509434,-26
900944560,965,1074,1299,1662,1979,9,METRO35300MM5480,"New Haven-Meriden, CT HUD Metro FMR Area",9,44560,New Haven County,Madison town,18269.0,1325,CT,40,1,-0.019622641509434,-26
900946520,965,1074,1299,1662,1979,9,METRO35300MM5480,"New Haven-Meriden, CT HUD Metro FMR Area",9,46520,New Haven County,Meriden town,60868.0,1325,CT,40,1,-0.019622641509434,-26
900946940,669,852,1049,1315,1442,9,METRO35300MM8880,"Waterbury, CT HUD Metro FMR Area",9,46940,New Haven County,Middlebury town,7575.0,994,CT,40,1,0.0553319919517103,55
900947535,913,1063,1310,1642,1942,9,METRO35300MM1160,"Milford-Ansonia-Seymour, CT HUD Metro FMR Area",9,47535,New Haven County,Milford town,52759.0,1295,CT,40,1,0.0115830115830116,15
900949950,669,852,1049,1315,1442,9,METRO35300MM8880,"Waterbury, CT HUD Metro FMR Area",9,49950,New Haven County,Naugatuck town,31862.0,994,CT,40,1,0.0553319919517103,55
900952070,965,1074,1299,1662,1979,9,METRO35300MM5480,"New Haven-Meriden, CT HUD Metro FMR Area",9,52070,New Haven County,New Haven town,129779.0,1325,CT,40,1,-0.019622641509434,-26
900953890,965,1074,1299,1662,1979,9,METRO35300MM5480,"New Haven-Meriden, CT HUD Metro FMR Area",9,53890,New Haven County,North Branford town,14407.0,1325,CT,40,1,-0.019622641509434,-26
900954870,965,1074,1299,1662,1979,9,METRO35300MM5480,"New Haven-Meriden, CT HUD Metro FMR Area",9,54870,New Haven County,North Haven town,24093.0,1325,CT,40,1,-0.019622641509434,-26
900957600,965,1074,1299,1662,1979,9,METRO35300MM5480,"New Haven-Meriden, CT HUD Metro FMR Area",9,57600,New Haven County,Orange town,13956.0,1325,CT,40,1,-0.019622641509434,-26
900958300,913,1063,1310,1642,1942,9,METRO35300MM1160,"Milford-Ansonia-Seymour, CT HUD Metro FMR Area",9,58300,New Haven County,Oxford town,12683.0,1295,CT,40,1,0.0115830115830116,15
900962290,669,852,1049,1315,1442,9,METRO35300MM8880,"Waterbury, CT HUD Metro FMR Area",9,62290,New Haven County,Prospect town,9405.0,994,CT,40,1,0.0553319919517103,55
900967610,913,1063,1310,1642,1942,9,METRO35300MM1160,"Milford-Ansonia-Seymour, CT HUD Metro FMR Area",9,67610,New Haven County,Seymour town,16540.0,1295,CT,40,1,0.0115830115830116,15
900969640,669,852,1049,1315,1442,9,METRO35300MM8880,"Waterbury, CT HUD Metro FMR Area",9,69640,New Haven County,Southbury town,19904.0,994,CT,40,1,0.0553319919517103,55
900978740,965,1074,1299,1662,1979,9,METRO35300MM5480,"New Haven-Meriden, CT HUD Metro FMR Area",9,78740,New Haven County,Wallingford town,45135.0,1325,CT,40,1,-0.019622641509434,-26
900980070,669,852,1049,1315,1442,9,METRO35300MM8880,"Waterbury, CT HUD Metro FMR Area",9,80070,New Haven County,Waterbury town,110366.0,994,CT,40,1,0.0553319919517103,55
900982870,965,1074,1299,1662,1979,9,METRO35300MM5480,"New Haven-Meriden, CT HUD Metro FMR Area",9,82870,New Haven County,West Haven town,55564.0,1325,CT,40,1,-0.019622641509434,-26
900987560,669,852,1049,1315,1442,9,METRO35300MM8880,"Waterbury, CT HUD Metro FMR Area",9,87560,New Haven County,Wolcott town,16680.0,994,CT,40,1,0.0553319919517103,55
900987700,965,1074,1299,1662,1979,9,METRO35300MM5480,"New Haven-Meriden, CT HUD Metro FMR Area",9,87700,New Haven County,Woodbridge town,8990.0,1325,CT,40,1,-0.019622641509434,-26
901106820,840,928,1190,1575,1837,9,METRO35980M35980,"Norwich-New London, CT HUD Metro FMR Area",11,6820,New London County,Bozrah town,2627.0,1077,CT,40,1,0.104921077065924,113
901115910,904,971,1291,1791,1932,9,METRO35980MM3280,"Colchester-Lebanon, CT HUD Metro FMR Area",11,15910,New London County,Colchester town,16068.0,1150,CT,40,1,0.122608695652174,141
901123400,840,928,1190,1575,1837,9,METRO35980M35980,"Norwich-New London, CT HUD Metro FMR Area",11,23400,New London County,East Lyme town,19159.0,1077,CT,40,1,0.104921077065924,113
901129910,840,928,1190,1575,1837,9,METRO35980M35980,"Norwich-New London, CT HUD Metro FMR Area",11,29910,New London County,Franklin town,1922.0,1077,CT,40,1,0.104921077065924,113
901133900,840,928,1190,1575,1837,9,METRO35980M35980,"Norwich-New London, CT HUD Metro FMR Area",11,33900,New London County,Griswold town,11951.0,1077,CT,40,1,0.104921077065924,113
901134250,840,928,1190,1575,1837,9,METRO35980M35980,"Norwich-New London, CT HUD Metro FMR Area",11,34250,New London County,Groton town,40115.0,1077,CT,40,1,0.104921077065924,113
901142390,904,971,1291,1791,1932,9,METRO35980MM3280,"Colchester-Lebanon, CT HUD Metro FMR Area",11,42390,New London County,Lebanon town,7308.0,1150,CT,40,1,0.122608695652174,141
901142600,840,928,1190,1575,1837,9,METRO35980M35980,"Norwich-New London, CT HUD Metro FMR Area",11,42600,New London County,Ledyard town,15051.0,1077,CT,40,1,0.104921077065924,113
901143230,840,928,1190,1575,1837,9,METRO35980M35980,"Norwich-New London, CT HUD Metro FMR Area",11,43230,New London County,Lisbon town,4338.0,1077,CT,40,1,0.104921077065924,113
901144210,840,928,1190,1575,1837,9,METRO35980M35980,"Norwich-New London, CT HUD Metro FMR Area",11,44210,New London County,Lyme town,2406.0,1077,CT,40,1,0.104921077065924,113
901148900,840,928,1190,1575,1837,9,METRO35980M35980,"Norwich-New London, CT HUD Metro FMR Area",11,48900,New London County,Montville town,19571.0,1077,CT,40,1,0.104921077065924,113
901152350,840,928,1190,1575,1837,9,METRO35980M35980,"Norwich-New London, CT HUD Metro FMR Area",11,52350,New London County,New London town,27620.0,1077,CT,40,1,0.104921077065924,113
901155500,840,928,1190,1575,1837,9,METRO35980M35980,"Norwich-New London, CT HUD Metro FMR Area",11,55500,New London County,North Stonington town,5297.0,1077,CT,40,1,0.104921077065924,113
901156270,840,928,1190,1575,1837,9,METRO35980M35980,"Norwich-New London, CT HUD Metro FMR Area",11,56270,New London County,Norwich town,40493.0,1077,CT,40,1,0.104921077065924,113
901157040,840,928,1190,1575,1837,9,METRO35980M35980,"Norwich-New London, CT HUD Metro FMR Area",11,57040,New London County,Old Lyme town,7603.0,1077,CT,40,1,0.104921077065924,113
901162150,840,928,1190,1575,1837,9,METRO35980M35980,"Norwich-New London, CT HUD Metro FMR Area",11,62150,New London County,Preston town,4726.0,1077,CT,40,1,0.104921077065924,113
901166210,840,928,1190,1575,1837,9,METRO35980M35980,"Norwich-New London, CT HUD Metro FMR Area",11,66210,New London County,Salem town,4151.0,1077,CT,40,1,0.104921077065924,113
901171670,840,928,1190,1575,1837,9,METRO35980M35980,"Norwich-New London, CT HUD Metro FMR Area",11,71670,New London County,Sprague town,2984.0,1077,CT,40,1,0.104921077065924,113
901173770,840,928,1190,1575,1837,9,METRO35980M35980,"Norwich-New London, CT HUD Metro FMR Area",11,73770,New London County,Stonington town,18545.0,1077,CT,40,1,0.104921077065924,113
901178600,840,928,1190,1575,1837,9,METRO35980M35980,"Norwich-New London, CT HUD Metro FMR Area",11,78600,New London County,Voluntown town,2603.0,1077,CT,40,1,0.104921077065924,113
901180280,840,928,1190,1575,1837,9,METRO35980M35980,"Norwich-New London, CT HUD Metro FMR Area",11,80280,New London County,Waterford town,19517.0,1077,CT,40,1,0.104921077065924,113
901301080,752,929,1158,1452,1620,9,METRO25540M25540,"Hartford-West Hartford-East Hartford, CT HUD Metro FMR Area",13,1080,Tolland County,Andover town,3303.0,1212,CT,40,1,-0.0445544554455446,-54
901306260,752,929,1158,1452,1620,9,METRO25540M25540,"Hartford-West Hartford-East Hartford, CT HUD Metro FMR Area",13,6260,Tolland County,Bolton town,4980.0,1212,CT,40,1,-0.0445544554455446,-54
901316400,752,929,1158,1452,1620,9,METRO25540M25540,"Hartford-West Hartford-East Hartford, CT HUD Metro FMR Area",13,16400,Tolland County,Columbia town,5485.0,1212,CT,40,1,-0.0445544554455446,-54
901317800,752,929,1158,1452,1620,9,METRO25540M25540,"Hartford-West Hartford-East Hartford, CT HUD Metro FMR Area",13,17800,Tolland County,Coventry town,12435.0,1212,CT,40,1,-0.0445544554455446,-54
901325360,752,929,1158,1452,1620,9,METRO25540M25540,"Hartford-West Hartford-East Hartford, CT HUD Metro FMR Area",13,25360,Tolland County,Ellington town,15602.0,1212,CT,40,1,-0.0445544554455446,-54
901337910,752,929,1158,1452,1620,9,METRO25540M25540,"Hartford-West Hartford-East Hartford, CT HUD Metro FMR Area",13,37910,Tolland County,Hebron town,9686.0,1212,CT,40,1,-0.0445544554455446,-54
901344910,752,929,1158,1452,1620,9,METRO25540M25540,"Hartford-West Hartford-East Hartford, CT HUD Metro FMR Area",13,44910,Tolland County,Mansfield town,26543.0,1212,CT,40,1,-0.0445544554455446,-54
901369220,752,929,1158,1452,1620,9,METRO25540M25540,"Hartford-West Hartford-East Hartford, CT HUD Metro FMR Area",13,69220,Tolland County,Somers town,11444.0,1212,CT,40,1,-0.0445544554455446,-54
901372090,752,929,1158,1452,1620,9,METRO25540M25540,"Hartford-West Hartford-East Hartford, CT HUD Metro FMR Area",13,72090,Tolland County,Stafford town,12087.0,1212,CT,40,1,-0.0445544554455446,-54
901376290,752,929,1158,1452,1620,9,METRO25540M25540,"Hartford-West Hartford-East Hartford, CT HUD Metro FMR Area",13,76290,Tolland County,Tolland town,15052.0,1212,CT,40,1,-0.0445544554455446,-54
901377830,752,929,1158,1452,1620,9,METRO25540M25540,"Hartford-West Hartford-East Hartford, CT HUD Metro FMR Area",13,77830,Tolland County,Union town,854.0,1212,CT,40,1,-0.0445544554455446,-54
901378250,752,929,1158,1452,1620,9,METRO25540M25540,"Hartford-West Hartford-East Hartford, CT HUD Metro FMR Area",13,78250,Tolland County,Vernon town,29179.0,1212,CT,40,1,-0.0445544554455446,-54
901385950,752,929,1158,1452,1620,9,METRO25540M25540,"Hartford-West Hartford-East Hartford, CT HUD Metro FMR Area",13,85950,Tolland County,Willington town,6041.0,1212,CT,40,1,-0.0445544554455446,-54
901501430,861,903,1049,1315,1429,9,METRO49340N09015,"Windham County, CT HUD Metro FMR Area",15,1430,Windham County,Ashford town,4317.0,939,CT,40,1,0.117145899893504,110
901509190,861,903,1049,1315,1429,9,METRO49340N09015,"Windham County, CT HUD Metro FMR Area",15,9190,Windham County,Brooklyn town,8210.0,939,CT,40,1,0.117145899893504,110
901512130,861,903,1049,1315,1429,9,METRO49340N09015,"Windham County, CT HUD Metro FMR Area",15,12130,Windham County,Canterbury town,5132.0,939,CT,40,1,0.117145899893504,110
901513810,861,903,1049,1315,1429,9,METRO49340N09015,"Windham County, CT HUD Metro FMR Area",15,13810,Windham County,Chaplin town,2305.0,939,CT,40,1,0.117145899893504,110
901521860,861,903,1049,1315,1429,9,METRO49340N09015,"Windham County, CT HUD Metro FMR Area",15,21860,Windham County,Eastford town,1749.0,939,CT,40,1,0.117145899893504,110
901536000,861,903,1049,1315,1429,9,METRO49340N09015,"Windham County, CT HUD Metro FMR Area",15,36000,Windham County,Hampton town,1863.0,939,CT,40,1,0.117145899893504,110
901540500,861,903,1049,1315,1429,9,METRO49340N09015,"Windham County, CT HUD Metro FMR Area",15,40500,Windham County,Killingly town,17370.0,939,CT,40,1,0.117145899893504,110
901559980,861,903,1049,1315,1429,9,METRO49340N09015,"Windham County, CT HUD Metro FMR Area",15,59980,Windham County,Plainfield town,15405.0,939,CT,40,1,0.117145899893504,110
901561030,861,903,1049,1315,1429,9,METRO49340N09015,"Windham County, CT HUD Metro FMR Area",15,61030,Windham County,Pomfret town,4247.0,939,CT,40,1,0.117145899893504,110
901562710,861,903,1049,1315,1429,9,METRO49340N09015,"Windham County, CT HUD Metro FMR Area",15,62710,Windham County,Putnam town,9584.0,939,CT,40,1,0.117145899893504,110
901567400,861,903,1049,1315,1429,9,METRO49340N09015,"Windham County, CT HUD Metro FMR Area",15,67400,Windham County,Scotland town,1726.0,939,CT,40,1,0.117145899893504,110
901573420,861,903,1049,1315,1429,9,METRO49340N09015,"Windham County, CT HUD Metro FMR Area",15,73420,Windham County,Sterling town,3830.0,939,CT,40,1,0.117145899893504,110
901575870,861,903,1049,1315,1429,9,METRO49340N09015,"Windham County, CT HUD Metro FMR Area",15,75870,Windham County,Thompson town,9458.0,939,CT,40,1,0.117145899893504,110
901586790,861,903,1049,1315,1429,9,METRO49340N09015,"Windham County, CT HUD Metro FMR Area",15,86790,Windham County,Windham town,25268.0,939,CT,40,1,0.117145899893504,110
901588190,861,903,1049,1315,1429,9,METRO49340N09015,"Windham County, CT HUD Metro FMR Area",15,88190,Windham County,Woodstock town,7964.0,939,CT,40,1,0.117145899893504,110
1000199999,771,809,933,1359,1644,10,METRO20100M20100,"Dover, DE MSA",1,99999,Kent County,Kent County,162310.0,1037,DE,40,1,-0.100289296046287,-104
1000399999,883,1047,1266,1587,1787,10,METRO37980M37980,"Philadelphia-Camden-Wilmington, PA-NJ-DE-MD MSA",3,99999,New Castle County,New Castle County,538479.0,1211,DE,50,1,0.0454170107349298,55
1000599999,596,691,900,1309,1471,10,METRO41540N10005,"Sussex County, DE HUD Metro FMR Area",5,99999,Sussex County,Sussex County,197145.0,915,DE,40,1,-0.0163934426229508,-15
1100199999,1504,1561,1793,2353,2902,11,METRO47900M47900,"Washington-Arlington-Alexandria, DC-VA-MD HUD Metro FMR Area",1,99999,District of Columbia,District of Columbia,601723.0,1746,DC,50,1,0.0269186712485682,47
1200199999,648,725,894,1174,1326,12,METRO23540M23540,"Gainesville, FL MSA",1,99999,Alachua County,Alachua County,247336.0,878,FL,40,1,0.0182232346241458,16
1200399999,473,632,741,929,1247,12,METRO27260N12003,"Baker County, FL HUD Metro FMR Area",3,99999,Baker County,Baker County,27115.0,752,FL,40,1,-0.0146276595744681,-11
1200599999,731,857,995,1421,1617,12,METRO37460M37460,"Panama City-Lynn Haven-Panama City Beach, FL HUD Metro FMR Area",5,99999,Bay County,Bay County,168852.0,949,FL,40,1,0.0484720758693361,46
1200799999,563,597,686,986,1074,12,NCNTY12007N12007,"Bradford County, FL",7,99999,Bradford County,Bradford County,28520.0,652,FL,40,0,0.0521472392638037,34
1200999999,649,803,1018,1405,1726,12,METRO37340M37340,"Palm Bay-Melbourne-Titusville, FL MSA",9,99999,Brevard County,Brevard County,543376.0,884,FL,40,1,0.15158371040724,134
1201199999,889,1086,1387,2015,2443,12,METRO33100MM2680,"Fort Lauderdale, FL HUD Metro FMR Area",11,99999,Broward County,Broward County,1748066.0,1307,FL,40,1,0.0612088752869166,80
1201399999,563,597,686,975,978,12,NCNTY12013N12013,"Calhoun County, FL",13,99999,Calhoun County,Calhoun County,14625.0,652,FL,40,0,0.0521472392638037,34
1201599999,642,671,885,1250,1559,12,METRO39460M39460,"Punta Gorda, FL MSA",15,99999,Charlotte County,Charlotte County,159978.0,878,FL,40,1,0.00797266514806378,7
1201799999,596,600,798,1105,1398,12,METRO26140M26140,"Homosassa Springs, FL MSA",17,99999,Citrus County,Citrus County,141236.0,766,FL,40,1,0.0417754569190601,32
1201999999,604,775,947,1248,1590,12,METRO27260M27260,"Jacksonville, FL HUD Metro FMR Area",19,99999,Clay County,Clay County,190865.0,969,FL,40,1,-0.022703818369453,-22
1202199999,778,996,1220,1630,1978,12,METRO34940M34940,"Naples-Immokalee-Marco Island, FL MSA",21,99999,Collier County,Collier County,321520.0,1195,FL,40,1,0.0209205020920502,25
1202399999,585,667,784,1026,1095,12,NCNTY12023N12023,"Columbia County, FL",23,99999,Columbia County,Columbia County,67531.0,740,FL,40,0,0.0594594594594595,44
1202799999,540,544,723,1012,1015,12,NCNTY12027N12027,"DeSoto County, FL",27,99999,DeSoto County,DeSoto County,34862.0,673,FL,40,0,0.0742942050520059,50
1202999999,563,597,686,860,969,12,NCNTY12029N12029,"Dixie County, FL",29,99999,Dixie County,Dixie County,16422.0,652,FL,40,0,0.0521472392638037,34
1203199999,604,775,947,1248,1590,12,METRO27260M27260,"Jacksonville, FL HUD Metro FMR Area",31,99999,Duval County,Duval County,864263.0,969,FL,40,1,-0.022703818369453,-22
1203399999,702,706,846,1186,1490,12,METRO37860M37860,"Pensacola-Ferry Pass-Brent, FL MSA",33,99999,Escambia County,Escambia County,297619.0,897,FL,40,1,-0.0568561872909699,-51
1203599999,811,816,967,1299,1462,12,METRO19660M37380,"Palm Coast, FL HUD Metro FMR Area",35,99999,Flagler County,Flagler County,95696.0,1028,FL,40,1,-0.0593385214007782,-61
1203799999,643,683,784,1010,1381,12,NCNTY12037N12037,"Franklin County, FL",37,99999,Franklin County,Franklin County,11549.0,734,FL,40,0,0.0681198910081744,50
1203999999,728,771,958,1279,1413,12,METRO45220M45220,"Tallahassee, FL HUD Metro FMR Area",39,99999,Gadsden County,Gadsden County,46389.0,917,FL,40,1,0.044711014176663,41
1204199999,648,725,894,1174,1326,12,METRO23540M23540,"Gainesville, FL MSA",41,99999,Gilchrist County,Gilchrist County,16939.0,878,FL,40,1,0.0182232346241458,16
1204399999,586,589,784,983,1068,12,NCNTY12043N12043,"Glades County, FL",43,99999,Glades County,Glades County,12884.0,730,FL,40,0,0.073972602739726,54
1204599999,662,674,890,1122,1372,12,METRO37460N12045,"Gulf County, FL HUD Metro FMR Area",45,99999,Gulf County,Gulf County,15863.0,869,FL,40,1,0.0241657077100115,21
1204799999,512,516,686,933,934,12,NCNTY12047N12047,"Hamilton County, FL",47,99999,Hamilton County,Hamilton County,14799.0,652,FL,40,0,0.0521472392638037,34
1204999999,563,597,686,998,1157,12,NCNTY12049N12049,"Hardee County, FL",49,99999,Hardee County,Hardee County,27731.0,652,FL,40,0,0.0521472392638037,34
1205199999,628,632,823,1066,1121,12,NCNTY12051N12051,"Hendry County, FL",51,99999,Hendry County,Hendry County,39140.0,768,FL,40,0,0.0716145833333333,55
1205399999,765,842,1045,1373,1656,12,METRO45300M45300,"Tampa-St. Petersburg-Clearwater, FL MSA",53,99999,Hernando County,Hernando County,172778.0,1014,FL,40,1,0.0305719921104536,31
1205599999,504,594,790,1060,1107,12,METRO42700M42700,"Sebring, FL MSA",55,99999,Highlands County,Highlands County,98786.0,745,FL,40,1,0.0604026845637584,45
1205799999,765,842,1045,1373,1656,12,METRO45300M45300,"Tampa-St. Petersburg-Clearwater, FL MSA",57,99999,Hillsborough County,Hillsborough County,1229226.0,1014,FL,40,1,0.0305719921104536,31
1205999999,581,597,686,860,1208,12,NCNTY12059N12059,"Holmes County, FL",59,99999,Holmes County,Holmes County,19927.0,652,FL,40,0,0.0521472392638037,34
1206199999,589,744,892,1267,1440,12,METRO42680M42680,"Sebastian-Vero Beach, FL MSA",61,99999,Indian River County,Indian River County,138028.0,846,FL,40,1,0.0543735224586288,46
1206399999,479,597,686,936,975,12,NCNTY12063N12063,"Jackson County, FL",63,99999,Jackson County,Jackson County,49746.0,652,FL,40,0,0.0521472392638037,34
1206599999,728,771,958,1279,1413,12,METRO45220M45220,"Tallahassee, FL HUD Metro FMR Area",65,99999,Jefferson County,Jefferson County,14761.0,917,FL,40,1,0.044711014176663,41
1206799999,563,597,686,998,1208,12,NCNTY12067N12067,"Lafayette County, FL",67,99999,Lafayette County,Lafayette County,8870.0,652,FL,40,0,0.0521472392638037,34
1206999999,849,919,1096,1458,1745,12,METRO36740M36740,"Orlando-Kissimmee-Sanford, FL MSA",69,99999,Lake County,Lake County,297052.0,1002,FL,40,1,0.093812375249501,94
1207199999,701,773,956,1240,1415,12,METRO15980M15980,"Cape Coral-Fort Myers, FL MSA",71,99999,Lee County,Lee County,618754.0,920,FL,40,1,0.0391304347826087,36
1207399999,728,771,958,1279,1413,12,METRO45220M45220,"Tallahassee, FL HUD Metro FMR Area",73,99999,Leon County,Leon County,275487.0,917,FL,40,1,0.044711014176663,41
1207599999,533,537,686,940,1048,12,NCNTY12075N12075,"Levy County, FL",75,99999,Levy County,Levy County,40801.0,652,FL,40,0,0.0521472392638037,34
1207799999,563,597,686,917,978,12,NCNTY12077N12077,"Liberty County, FL",77,99999,Liberty County,Liberty County,8365.0,652,FL,40,0,0.0521472392638037,34
1207999999,445,597,686,887,978,12,NCNTY12079N12079,"Madison County, FL",79,99999,Madison County,Madison County,19224.0,652,FL,40,0,0.0521472392638037,34
1208199999,766,841,1078,1473,1774,12,METRO35840M35840,"North Port-Sarasota-Bradenton, FL MSA",81,99999,Manatee County,Manatee County,322833.0,1063,FL,40,1,0.0141110065851364,15
1208399999,602,674,815,1092,1191,12,METRO36100M36100,"Ocala, FL MSA",83,99999,Marion County,Marion County,331298.0,820,FL,40,1,-0.00609756097560976,-5
1208599999,786,825,1032,1444,1776,12,METRO38940M38940,"Port St. Lucie, FL MSA",85,99999,Martin County,Martin County,146318.0,1034,FL,40,1,-0.00193423597678917,-2
1208699999,871,1066,1351,1796,2173,12,METRO33100MM5000,"Miami-Miami Beach-Kendall, FL HUD Metro FMR Area",86,99999,Miami-Dade County,Miami-Dade County,2496435.0,1295,FL,40,1,0.0432432432432432,56
1208799999,960,1139,1514,1914,2514,12,NCNTY12087N12087,"Monroe County, FL",87,99999,Monroe County,Monroe County,73090.0,1682,FL,40,0,-0.0998810939357907,-168
1208999999,604,775,947,1248,1590,12,METRO27260M27260,"Jacksonville, FL HUD Metro FMR Area",89,99999,Nassau County,Nassau County,73314.0,969,FL,40,1,-0.022703818369453,-22
1209199999,849,858,1003,1431,1767,12,METRO18880M18880,"Crestview-Fort Walton Beach-Destin, FL HUD Metro FMR Area",91,99999,Okaloosa County,Okaloosa County,180822.0,961,FL,40,1,0.0437044745057232,42
1209399999,565,569,746,988,1016,12,NCNTY12093N12093,"Okeechobee County, FL",93,99999,Okeechobee County,Okeechobee County,39996.0,688,FL,40,0,0.0843023255813953,58
1209599999,849,919,1096,1458,1745,12,METRO36740M36740,"Orlando-Kissimmee-Sanford, FL MSA",95,99999,Orange County,Orange County,1145956.0,1002,FL,40,1,0.093812375249501,94
1209799999,849,919,1096,1458,1745,12,METRO36740M36740,"Orlando-Kissimmee-Sanford, FL MSA",97,99999,Osceola County,Osceola County,268685.0,1002,FL,40,1,0.093812375249501,94
1209999999,912,1136,1422,1943,2273,12,METRO33100MM8960,"West Palm Beach-Boca Raton, FL HUD Metro FMR Area",99,99999,Palm Beach County,Palm Beach County,1320134.0,1370,FL,50,1,0.037956204379562,52
1210199999,765,842,1045,1373,1656,12,METRO45300M45300,"Tampa-St. Petersburg-Clearwater, FL MSA",101,99999,Pasco County,Pasco County,464697.0,1014,FL,40,1,0.0305719921104536,31
1210399999,765,842,1045,1373,1656,12,METRO45300M45300,"Tampa-St. Petersburg-Clearwater, FL MSA",103,99999,Pinellas County,Pinellas County,916542.0,1014,FL,40,1,0.0305719921104536,31
1210599999,648,652,859,1135,1423,12,METRO29460M29460,"Lakeland-Winter Haven, FL MSA",105,99999,Polk County,Polk County,602095.0,838,FL,40,1,0.0250596658711217,21
1210799999,587,603,693,899,990,12,NCNTY12107N12107,"Putnam County, FL",107,99999,Putnam County,Putnam County,74364.0,698,FL,40,0,-0.00716332378223496,-5
1210999999,604,775,947,1248,1590,12,METRO27260M27260,"Jacksonville, FL HUD Metro FMR Area",109,99999,St. Johns County,St. Johns County,190039.0,969,FL,40,1,-0.022703818369453,-22
1211199999,786,825,1032,1444,1776,12,METRO38940M38940,"Port St. Lucie, FL MSA",111,99999,St. Lucie County,St. Lucie County,277789.0,1034,FL,40,1,-0.00193423597678917,-2
1211399999,702,706,846,1186,1490,12,METRO37860M37860,"Pensacola-Ferry Pass-Brent, FL MSA",113,99999,Santa Rosa County,Santa Rosa County,151372.0,897,FL,40,1,-0.0568561872909699,-51
1211599999,766,841,1078,1473,1774,12,METRO35840M35840,"North Port-Sarasota-Bradenton, FL MSA",115,99999,Sarasota County,Sarasota County,379448.0,1063,FL,40,1,0.0141110065851364,15
1211799999,849,919,1096,1458,1745,12,METRO36740M36740,"Orlando-Kissimmee-Sanford, FL MSA",117,99999,Seminole County,Seminole County,422718.0,1002,FL,40,1,0.093812375249501,94
1211999999,549,593,757,1083,1087,12,METRO45540M45540,"The Villages, FL MSA",119,99999,Sumter County,Sumter County,93420.0,734,FL,40,1,0.0313351498637602,23
1212199999,563,597,686,998,1144,12,NCNTY12121N12121,"Suwannee County, FL",121,99999,Suwannee County,Suwannee County,41551.0,652,FL,40,0,0.0521472392638037,34
1212399999,563,574,686,975,978,12,NCNTY12123N12123,"Taylor County, FL",123,99999,Taylor County,Taylor County,22570.0,652,FL,40,0,0.0521472392638037,34
1212599999,563,597,686,908,1208,12,NCNTY12125N12125,"Union County, FL",125,99999,Union County,Union County,15535.0,652,FL,40,0,0.0521472392638037,34
1212799999,609,768,955,1287,1468,12,METRO19660M19660,"Deltona-Daytona Beach-Ormond Beach, FL HUD Metro FMR Area",127,99999,Volusia County,Volusia County,494593.0,959,FL,40,1,-0.00417101147028154,-4
1212999999,673,774,889,1115,1318,12,METRO45220N12129,"Wakulla County, FL HUD Metro FMR Area",129,99999,Wakulla County,Wakulla County,30776.0,829,FL,40,1,0.0723763570566948,60
1213199999,723,744,854,1242,1504,12,METRO18880N12131,"Walton County, FL HUD Metro FMR Area",131,99999,Walton County,Walton County,55043.0,825,FL,40,1,0.0351515151515151,29
1213399999,512,516,686,975,978,12,NCNTY12133N12133,"Washington County, FL",133,99999,Washington County,Washington County,24896.0,652,FL,40,0,0.0521472392638037,34
1300199999,517,520,659,891,1135,13,NCNTY13001N13001,"Appling County, GA",1,99999,Appling County,Appling County,18236.0,596,GA,40,0,0.105704697986577,63
1300399999,492,495,659,940,1047,13,NCNTY13003N13003,"Atkinson County, GA",3,99999,Atkinson County,Atkinson County,8375.0,596,GA,40,0,0.105704697986577,63
1300599999,517,520,659,826,1088,13,NCNTY13005N13005,"Bacon County, GA",5,99999,Bacon County,Bacon County,11096.0,596,GA,40,0,0.105704697986577,63
1300799999,562,588,716,950,1014,13,METRO10500M10500,"Albany, GA MSA",7,99999,Baker County,Baker County,3451.0,752,GA,40,1,-0.0478723404255319,-36
1300999999,594,597,708,911,1031,13,NCNTY13009N13009,"Baldwin County, GA",9,99999,Baldwin County,Baldwin County,45720.0,674,GA,40,0,0.0504451038575668,34
1301199999,561,564,680,917,1046,13,NCNTY13011N13011,"Banks County, GA",11,99999,Banks County,Banks County,18395.0,636,GA,40,0,0.0691823899371069,44
1301399999,873,898,1031,1344,1651,13,METRO12060M12060,"Atlanta-Sandy Springs-Roswell, GA HUD Metro FMR Area",13,99999,Barrow County,Barrow County,69367.0,990,GA,40,1,0.0414141414141414,41
1301599999,873,898,1031,1344,1651,13,METRO12060M12060,"Atlanta-Sandy Springs-Roswell, GA HUD Metro FMR Area",15,99999,Bartow County,Bartow County,100157.0,990,GA,40,1,0.0414141414141414,41
1301799999,492,495,659,906,1047,13,NCNTY13017N13017,"Ben Hill County, GA",17,99999,Ben Hill County,Ben Hill County,17634.0,596,GA,40,0,0.105704697986577,63
1301999999,492,495,659,859,1161,13,NCNTY13019N13019,"Berrien County, GA",19,99999,Berrien County,Berrien County,19286.0,596,GA,40,0,0.105704697986577,63
1302199999,528,677,778,1040,1250,13,METRO31420M31420,"Macon, GA HUD Metro FMR Area",21,99999,Bibb County,Bibb County,155547.0,815,GA,40,1,-0.045398773006135,-37
1302399999,517,520,659,912,1047,13,NCNTY13023N13023,"Bleckley County, GA",23,99999,Bleckley County,Bleckley County,13063.0,596,GA,40,0,0.105704697986577,63
1302599999,580,583,752,1050,1091,13,METRO15260M15260,"Brunswick, GA MSA",25,99999,Brantley County,Brantley County,18411.0,805,GA,40,1,-0.0658385093167702,-53
1302799999,554,558,709,994,1249,13,METRO46660M46660,"Valdosta, GA MSA",27,99999,Brooks County,Brooks County,16243.0,694,GA,40,1,0.0216138328530259,15
1302999999,853,926,1063,1453,1697,13,METRO42340M42340,"Savannah, GA MSA",29,99999,Bryan County,Bryan County,30233.0,924,GA,40,1,0.1504329004329,139
1303199999,564,568,718,1044,1265,13,NCNTY13031N13031,"Bulloch County, GA",31,99999,Bulloch County,Bulloch County,70217.0,780,GA,40,0,-0.0794871794871795,-62
1303399999,617,636,771,1053,1358,13,METRO12260M12260,"Augusta-Richmond County, GA-SC HUD Metro FMR Area",33,99999,Burke County,Burke County,23316.0,745,GA,40,1,0.0348993288590604,26
1303599999,657,662,880,1108,1452,13,METRO12060N13035,"Butts County, GA HUD Metro FMR Area",35,99999,Butts County,Butts County,23655.0,804,GA,40,1,0.0945273631840796,76
1303799999,492,495,659,901,1047,13,NCNTY13037N13037,"Calhoun County, GA",37,99999,Calhoun County,Calhoun County,6694.0,617,GA,40,0,0.0680713128038898,42
1303999999,702,715,860,1173,1514,13,NCNTY13039N13039,"Camden County, GA",39,99999,Camden County,Camden County,50513.0,776,GA,40,0,0.108247422680412,84
1304399999,492,495,659,959,1161,13,NCNTY13043N13043,"Candler County, GA",43,99999,Candler County,Candler County,10998.0,596,GA,40,0,0.105704697986577,63
1304599999,873,898,1031,1344,1651,13,METRO12060M12060,"Atlanta-Sandy Springs-Roswell, GA HUD Metro FMR Area",45,99999,Carroll County,Carroll County,110527.0,990,GA,40,1,0.0414141414141414,41
1304799999,542,656,806,1053,1302,13,METRO16860M16860,"Chattanooga, TN-GA MSA",47,99999,Catoosa County,Catoosa County,63942.0,822,GA,40,1,-0.0194647201946472,-16
1304999999,517,520,659,920,1047,13,NCNTY13049N13049,"Charlton County, GA",49,99999,Charlton County,Charlton County,12171.0,596,GA,40,0,0.105704697986577,63
1305199999,853,926,1063,1453,1697,13,METRO42340M42340,"Savannah, GA MSA",51,99999,Chatham County,Chatham County,265128.0,924,GA,40,1,0.1504329004329,139
1305399999,621,685,823,1142,1450,13,METRO17980M17980,"Columbus, GA-AL MSA",53,99999,Chattahoochee County,Chattahoochee County,11267.0,777,GA,40,1,0.0592020592020592,46
1305599999,492,495,659,901,1161,13,NCNTY13055N13055,"Chattooga County, GA",55,99999,Chattooga County,Chattooga County,26015.0,596,GA,40,0,0.105704697986577,63
1305799999,873,898,1031,1344,1651,13,METRO12060M12060,"Atlanta-Sandy Springs-Roswell, GA HUD Metro FMR Area",57,99999,Cherokee County,Cherokee County,214346.0,990,GA,40,1,0.0414141414141414,41
1305999999,613,666,783,1054,1353,13,METRO12020M12020,"Athens-Clarke County, GA MSA",59,99999,Clarke County,Clarke County,116714.0,815,GA,40,1,-0.0392638036809816,-32
1306199999,492,495,659,870,1047,13,NCNTY13061N13061,"Clay County, GA",61,99999,Clay County,Clay County,3183.0,596,GA,40,0,0.105704697986577,63
1306399999,873,898,1031,1344,1651,13,METRO12060M12060,"Atlanta-Sandy Springs-Roswell, GA HUD Metro FMR Area",63,99999,Clayton County,Clayton County,259424.0,990,GA,40,1,0.0414141414141414,41
1306599999,492,495,659,936,1047,13,NCNTY13065N13065,"Clinch County, GA",65,99999,Clinch County,Clinch County,6798.0,596,GA,40,0,0.105704697986577,63
1306799999,873,898,1031,1344,1651,13,METRO12060M12060,"Atlanta-Sandy Springs-Roswell, GA HUD Metro FMR Area",67,99999,Cobb County,Cobb County,688078.0,990,GA,40,1,0.0414141414141414,41
1306999999,492,495,659,835,1047,13,NCNTY13069N13069,"Coffee County, GA",69,99999,Coffee County,Coffee County,42356.0,596,GA,40,0,0.105704697986577,63
1307199999,518,522,659,845,1027,13,NCNTY13071N13071,"Colquitt County, GA",71,99999,Colquitt County,Colquitt County,45498.0,596,GA,40,0,0.105704697986577,63
1307399999,617,636,771,1053,1358,13,METRO12260M12260,"Augusta-Richmond County, GA-SC HUD Metro FMR Area",73,99999,Columbia C