,hr,holiday,workingday,temp,hum,windspeed,cnt,instant,mnth,yr,Clear to partly cloudy,Light Precipitation,Misty
0,0,0,0,0.76,0.66,0.0,149,13004,7,1,1,0,0
1,1,0,0,0.74,0.7,0.1343,93,13005,7,1,1,0,0
2,2,0,0,0.72,0.74,0.0896,90,13006,7,1,1,0,0
3,3,0,0,0.72,0.84,0.1343,33,13007,7,1,1,0,0
4,4,0,0,0.7,0.79,0.1939999999999999,4,13008,7,1,1,0,0
5,5,0,0,0.68,0.79,0.1045,10,13009,7,1,1,0,0
6,6,0,0,0.7,0.79,0.0896,27,13010,7,1,1,0,0
7,7,0,0,0.74,0.7,0.0,50,13011,7,1,1,0,0
8,8,0,0,0.78,0.62,0.1045,142,13012,7,1,1,0,0
9,9,0,0,0.82,0.56,0.0,219,13013,7,1,1,0,0
10,10,0,0,0.86,0.44,0.2985,366,13014,7,1,1,0,0
11,11,0,0,0.88,0.39,0.2239,377,13015,7,1,1,0,0
12,12,0,0,0.9,0.37,0.2239,433,13016,7,1,1,0,0
13,13,0,0,0.92,0.33,0.2537,420,13017,7,1,1,0,0
14,14,0,0,0.92,0.33,0.2537,444,13018,7,1,1,0,0
15,15,0,0,0.9,0.37,0.2836,345,13019,7,1,1,0,0
16,16,0,0,0.92,0.33,0.2985,313,13020,7,1,1,0,0
17,17,0,0,0.92,0.26,0.2985,413,13021,7,1,1,0,0
18,18,0,0,0.88,0.32,0.3582,370,13022,7,1,1,0,0
19,19,0,0,0.84,0.39,0.1343,382,13023,7,1,1,0,0
20,20,0,0,0.84,0.39,0.1343,332,13024,7,1,1,0,0
21,21,0,0,0.84,0.39,0.1343,258,13025,7,1,1,0,0
22,22,0,0,0.82,0.43,0.1343,151,13026,7,1,1,0,0
23,23,0,0,0.78,0.52,0.1642,110,13027,7,1,0,1,0
24,0,0,1,0.76,0.58,0.2239,43,13028,7,1,0,0,1
25,1,0,1,0.76,0.58,0.1939999999999999,17,13029,7,1,0,0,1
26,2,0,1,0.74,0.51,0.2537,15,13030,7,1,0,0,1
27,3,0,1,0.72,0.54,0.4179,5,13031,7,1,0,0,1
28,4,0,1,0.72,0.54,0.2985,12,13032,7,1,0,0,1
29,5,0,1,0.72,0.51,0.0,40,13033,7,1,0,0,1
30,6,0,1,0.7,0.58,0.1045,136,13034,7,1,1,0,0
31,7,0,1,0.74,0.51,0.1045,398,13035,7,1,1,0,0
32,8,0,1,0.76,0.52,0.1939999999999999,568,13036,7,1,1,0,0
33,9,0,1,0.78,0.46,0.2537,295,13037,7,1,1,0,0
34,10,0,1,0.8,0.43,0.2537,174,13038,7,1,1,0,0
35,11,0,1,0.84,0.28,0.2985,201,13039,7,1,1,0,0
36,12,0,1,0.84,0.32,0.1939999999999999,257,13040,7,1,1,0,0
37,13,0,1,0.86,0.34,0.2239,236,13041,7,1,1,0,0
38,14,0,1,0.86,0.34,0.2239,230,13042,7,1,1,0,0
39,15,0,1,0.84,0.36,0.1939999999999999,234,13043,7,1,1,0,0
40,16,0,1,0.84,0.36,0.2836,365,13044,7,1,1,0,0
41,17,0,1,0.84,0.32,0.1343,747,13045,7,1,1,0,0
42,18,0,1,0.84,0.32,0.1642,730,13046,7,1,1,0,0
43,19,0,1,0.78,0.43,0.1343,581,13047,7,1,1,0,0
44,20,0,1,0.78,0.43,0.1343,395,13048,7,1,1,0,0
45,21,0,1,0.76,0.45,0.1343,258,13049,7,1,1,0,0
46,22,0,1,0.74,0.51,0.1642,188,13050,7,1,1,0,0
47,23,0,1,0.74,0.51,0.1045,102,13051,7,1,1,0,0
48,0,0,1,0.72,0.54,0.0,53,13052,7,1,1,0,0
49,1,0,1,0.72,0.58,0.0,14,13053,7,1,1,0,0
50,2,0,1,0.72,0.58,0.0,10,13054,7,1,1,0,0
51,3,0,1,0.7,0.65,0.1343,2,13055,7,1,1,0,0
52,4,0,1,0.68,0.65,0.1045,6,13056,7,1,1,0,0
53,5,0,1,0.7,0.61,0.0,35,13057,7,1,1,0,0
54,6,0,1,0.7,0.65,0.1343,154,13058,7,1,1,0,0
55,7,0,1,0.74,0.58,0.0,483,13059,7,1,1,0,0
56,8,0,1,0.74,0.62,0.0896,646,13060,7,1,1,0,0
57,9,0,1,0.8,0.49,0.1642,272,13061,7,1,1,0,0
58,10,0,1,0.82,0.43,0.2239,209,13062,7,1,1,0,0
59,11,0,1,0.86,0.34,0.1939999999999999,217,13063,7,1,1,0,0
60,12,0,1,0.88,0.28,0.1939999999999999,272,13064,7,1,1,0,0
61,13,0,1,0.9,0.25,0.1343,283,13065,7,1,1,0,0
62,14,0,1,0.9,0.25,0.1939999999999999,310,13066,7,1,1,0,0
63,15,0,1,0.9,0.24,0.0,401,13067,7,1,0,0,1
64,16,0,1,0.9,0.24,0.1939999999999999,527,13068,7,1,0,0,1
65,17,0,1,0.86,0.3,0.1642,722,13069,7,1,0,0,1
66,18,0,1,0.86,0.3,0.0,627,13070,7,1,0,0,1
67,19,0,1,0.84,0.36,0.1343,497,13071,7,1,0,0,1
68,20,0,1,0.76,0.55,0.4925,376,13072,7,1,0,1,0
69,21,0,1,0.7,0.7,0.2836,196,13073,7,1,0,0,1
70,22,0,1,0.68,0.79,0.1939999999999999,177,13074,7,1,1,0,0
71,23,0,1,0.66,0.83,0.0,171,13075,7,1,1,0,0
72,0,1,0,0.68,0.79,0.0896,159,13076,7,1,1,0,0
73,1,1,0,0.68,0.74,0.0,123,13077,7,1,1,0,0
74,2,1,0,0.66,0.83,0.1343,93,13078,7,1,1,0,0
75,3,1,0,0.68,0.74,0.1939999999999999,32,13079,7,1,1,0,0
76,4,1,0,0.68,0.69,0.2537,16,13080,7,1,1,0,0
77,5,1,0,0.66,0.69,0.0,19,13081,7,1,1,0,0
78,6,1,0,0.66,0.69,0.0,32,13082,7,1,1,0,0
79,7,1,0,0.68,0.65,0.0,72,13083,7,1,1,0,0
80,8,1,0,0.7,0.61,0.1045,153,13084,7,1,1,0,0
81,9,1,0,0.76,0.52,0.0,293,13085,7,1,1,0,0
82,10,1,0,0.8,0.46,0.0,447,13086,7,1,1,0,0
83,11,1,0,0.82,0.46,0.1343,485,13087,7,1,1,0,0
84,12,1,0,0.86,0.41,0.2239,494,13088,7,1,1,0,0
85,13,1,0,0.9,0.35,0.0,499,13089,7,1,1,0,0
86,14,1,0,0.9,0.37,0.1642,547,13090,7,1,1,0,0
87,15,1,0,0.92,0.35,0.2985,454,13091,7,1,1,0,0
88,16,1,0,0.92,0.35,0.2537,389,13092,7,1,1,0,0
89,17,1,0,0.92,0.35,0.2985,414,13093,7,1,1,0,0
90,18,1,0,0.9,0.42,0.1939999999999999,430,13094,7,1,1,0,0
91,19,1,0,0.86,0.47,0.2239,432,13095,7,1,1,0,0
92,20,1,0,0.86,0.47,0.2239,551,13096,7,1,1,0,0
93,21,1,0,0.84,0.53,0.1343,584,13097,7,1,1,0,0
94,22,1,0,0.82,0.56,0.2239,502,13098,7,1,1,0,0
95,23,1,0,0.78,0.43,0.0896,183,13099,7,1,0,0,1
96,0,0,1,0.74,0.51,0.1045,88,13100,7,1,1,0,0
97,1,0,1,0.74,0.51,0.2836,30,13101,7,1,1,0,0
98,2,0,1,0.74,0.51,0.0,18,13102,7,1,1,0,0
99,3,0,1,0.72,0.54,0.1939999999999999,7,13103,7,1,1,0,0
100,4,0,1,0.72,0.58,0.0,7,13104,7,1,1,0,0
101,5,0,1,0.72,0.62,0.0,29,13105,7,1,1,0,0
102,6,0,1,0.72,0.58,0.0,133,13106,7,1,1,0,0
103,7,0,1,0.76,0.55,0.0,343,13107,7,1,1,0,0
104,8,0,1,0.8,0.49,0.1343,550,13108,7,1,1,0,0
105,9,0,1,0.84,0.49,0.2985,293,13109,7,1,1,0,0
106,10,0,1,0.86,0.44,0.3582,186,13110,7,1,1,0,0
107,11,0,1,0.9,0.35,0.2985,244,13111,7,1,1,0,0
108,12,0,1,0.9,0.35,0.3582,276,13112,7,1,1,0,0
109,13,0,1,0.92,0.33,0.2239,310,13113,7,1,1,0,0
110,14,0,1,0.92,0.33,0.3284,241,13114,7,1,1,0,0
111,15,0,1,0.92,0.33,0.3582,254,13115,7,1,1,0,0
112,16,0,1,0.92,0.33,0.2537,433,13116,7,1,1,0,0
113,17,0,1,0.92,0.35,0.1642,689,13117,7,1,1,0,0
114,18,0,1,0.9,0.39,0.3284,607,13118,7,1,0,0,1
115,19,0,1,0.88,0.39,0.2537,503,13119,7,1,0,0,1
116,20,0,1,0.86,0.41,0.2239,321,13120,7,1,0,0,1
117,21,0,1,0.84,0.47,0.1939999999999999,323,13121,7,1,1,0,0
118,22,0,1,0.82,0.59,0.1343,225,13122,7,1,1,0,0
119,23,0,1,0.8,0.55,0.1642,131,13123,7,1,1,0,0
120,0,0,1,0.78,0.62,0.1343,102,13124,7,1,1,0,0
121,1,0,1,0.78,0.55,0.2239,29,13125,7,1,1,0,0
122,2,0,1,0.76,0.62,0.1343,17,13126,7,1,1,0,0
123,3,0,1,0.74,0.7,0.1939999999999999,7,13127,7,1,0,0,1
124,4,0,1,0.74,0.66,0.2239,6,13128,7,1,1,0,0
125,5,0,1,0.74,0.66,0.1939999999999999,35,13129,7,1,1,0,0
126,6,0,1,0.74,0.66,0.1939999999999999,131,13130,7,1,1,0,0
127,7,0,1,0.78,0.46,0.1343,353,13131,7,1,1,0,0
128,8,0,1,0.8,0.41,0.1642,585,13132,7,1,1,0,0
129,9,0,1,0.82,0.36,0.1343,304,13133,7,1,1,0,0
130,10,0,1,0.86,0.3,0.0,210,13134,7,1,1,0,0
131,11,0,1,0.84,0.32,0.0896,233,13135,7,1,1,0,0
132,12,0,1,0.88,0.28,0.1045,331,13136,7,1,1,0,0
133,13,0,1,0.9,0.27,0.1045,293,13137,7,1,1,0,0
134,14,0,1,0.9,0.31,0.1642,275,13138,7,1,1,0,0
135,15,0,1,0.92,0.29,0.1939999999999999,285,13139,7,1,1,0,0
136,16,0,1,0.92,0.29,0.1045,369,13140,7,1,1,0,0
137,17,0,1,0.92,0.29,0.0,576,13141,7,1,1,0,0
138,18,0,1,0.9,0.33,0.2537,560,13142,7,1,1,0,0
139,19,0,1,0.88,0.35,0.2239,418,13143,7,1,1,0,0
140,20,0,1,0.86,0.39,0.1045,336,13144,7,1,1,0,0
141,21,0,1,0.82,0.52,0.1343,300,13145,7,1,1,0,0
142,22,0,1,0.8,0.55,0.1939999999999999,288,13146,7,1,1,0,0
143,23,0,1,0.8,0.63,0.1045,164,13147,7,1,1,0,0
144,0,0,0,0.78,0.66,0.1343,150,13148,7,1,1,0,0
145,1,0,0,0.76,0.7,0.1642,71,13149,7,1,1,0,0
146,2,0,0,0.76,0.72,0.1642,58,13150,7,1,1,0,0
147,3,0,0,0.74,0.74,0.1343,31,13151,7,1,1,0,0
148,4,0,0,0.74,0.74,0.1642,16,13152,7,1,1,0,0
149,5,0,0,0.74,0.74,0.1939999999999999,14,13153,7,1,1,0,0
150,6,0,0,0.74,0.74,0.1045,31,13154,7,1,1,0,0
151,7,0,0,0.78,0.66,0.1045,71,13155,7,1,1,0,0
152,8,0,0,0.82,0.63,0.1939999999999999,152,13156,7,1,1,0,0
153,9,0,0,0.84,0.59,0.1642,256,13157,7,1,1,0,0
154,10,0,0,0.92,0.37,0.2239,325,13158,7,1,1,0,0
155,11,0,0,0.94,0.38,0.1939999999999999,367,13159,7,1,1,0,0
156,12,0,0,0.96,0.31,0.3582,342,13160,7,1,1,0,0
157,13,0,0,0.96,0.31,0.2537,360,13161,7,1,0,0,1
158,14,0,0,0.96,0.3,0.1343,308,13162,7,1,0,0,1
159,15,0,0,0.96,0.26,0.0,306,13163,7,1,1,0,0
160,16,0,0,1.0,0.19,0.1642,294,13164,7,1,1,0,0
161,17,0,0,0.96,0.26,0.1343,279,13165,7,1,1,0,0
162,18,0,0,0.94,0.29,0.0896,277,13166,7,1,1,0,0
163,19,0,0,0.92,0.33,0.1343,287,13167,7,1,1,0,0
164,20,0,0,0.9,0.37,0.1642,276,13168,7,1,1,0,0
165,21,0,0,0.88,0.37,0.1939999999999999,201,13169,7,1,1,0,0
166,22,0,0,0.84,0.59,0.1939999999999999,220,13170,7,1,1,0,0
167,23,0,0,0.84,0.56,0.1642,148,13171,7,1,1,0,0
168,0,0,0,0.82,0.56,0.1343,147,13172,7,1,1,0,0
169,1,0,0,0.82,0.56,0.1045,124,13173,7,1,1,0,0
170,2,0,0,0.82,0.52,0.1045,70,13174,7,1,1,0,0
171,3,0,0,0.8,0.59,0.1045,35,13175,7,1,1,0,0
172,4,0,0,0.78,0.66,0.1045,13,13176,7,1,1,0,0
173,5,0,0,0.78,0.62,0.0,6,13177,7,1,1,0,0
174,6,0,0,0.78,0.7,0.1343,21,13178,7,1,1,0,0
175,7,0,0,0.8,0.66,0.0,52,13179,7,1,1,0,0
176,8,0,0,0.84,0.53,0.1343,130,13180,7,1,1,0,0
177,9,0,0,0.86,0.5,0.1045,242,13181,7,1,1,0,0
178,10,0,0,0.9,0.45,0.0,319,13182,7,1,1,0,0
179,11,0,0,0.92,0.42,0.2985,389,13183,7,1,1,0,0
180,12,0,0,0.92,0.42,0.1939999999999999,376,13184,7,1,1,0,0
181,13,0,0,0.94,0.38,0.2537,337,13185,7,1,1,0,0
182,14,0,0,0.96,0.36,0.1642,312,13186,7,1,1,0,0
183,15,0,0,0.92,0.42,0.2836,298,13187,7,1,0,1,0
184,16,0,0,0.8,0.66,0.2239,291,13188,7,1,0,0,1
185,17,0,0,0.78,0.59,0.0,270,13189,7,1,1,0,0
186,18,0,0,0.78,0.62,0.1045,253,13190,7,1,1,0,0
187,19,0,0,0.78,0.62,0.1642,250,13191,7,1,1,0,0
188,20,0,0,0.76,0.7,0.0896,285,13192,7,1,1,0,0
189,21,0,0,0.76,0.7,0.1343,207,13193,7,1,1,0,0
190,22,0,0,0.74,0.7,0.0896,122,13194,7,1,0,1,0
191,23,0,0,0.68,0.83,0.0896,123,13195,7,1,0,1,0
192,0,0,1,0.68,0.89,0.0896,39,13196,7,1,0,0,1
193,1,0,1,0.7,0.89,0.1045,18,13197,7,1,0,1,0
194,2,0,1,0.7,0.89,0.1939999999999999,5,13198,7,1,0,1,0
195,3,0,1,0.7,0.89,0.1939999999999999,5,13199,7,1,0,1,0
196,4,0,1,0.66,0.89,0.3881,2,13200,7,1,0,1,0
197,5,0,1,0.66,0.83,0.2239,28,13201,7,1,0,0,1
198,6,0,1,0.64,0.89,0.2537,92,13202,7,1,0,1,0
199,7,0,1,0.66,0.83,0.2239,230,13203,7,1,0,1,0
200,8,0,1,0.66,0.83,0.1642,455,13204,7,1,0,0,1
201,9,0,1,0.66,0.83,0.1642,363,13205,7,1,0,0,1
202,10,0,1,0.66,0.83,0.1939999999999999,175,13206,7,1,0,0,1
203,11,0,1,0.72,0.62,0.1343,216,13207,7,1,0,0,1
204,12,0,1,0.74,0.58,0.1343,266,13208,7,1,0,0,1
205,13,0,1,0.76,0.55,0.2537,255,13209,7,1,0,0,1
206,14,0,1,0.74,0.55,0.2537,242,13210,7,1,0,0,1
207,15,0,1,0.76,0.45,0.2239,280,13211,7,1,0,0,1
208,16,0,1,0.78,0.4,0.2836,413,13212,7,1,1,0,0
209,17,0,1,0.78,0.4,0.1642,849,13213,7,1,1,0,0
210,18,0,1,0.76,0.48,0.1343,872,13214,7,1,1,0,0
211,19,0,1,0.74,0.55,0.1642,631,13215,7,1,1,0,0
212,20,0,1,0.74,0.55,0.1045,447,13216,7,1,0,0,1
213,21,0,1,0.74,0.55,0.0896,331,13217,7,1,0,0,1
214,22,0,1,0.72,0.58,0.1045,224,13218,7,1,0,0,1
215,23,0,1,0.7,0.65,0.1045,131,13219,7,1,0,0,1
216,0,0,1,0.7,0.7,0.0896,69,13220,7,1,1,0,0
217,1,0,1,0.7,0.74,0.1343,15,13221,7,1,1,0,0
218,2,0,1,0.7,0.74,0.1343,16,13222,7,1,1,0,0
219,3,0,1,0.68,0.79,0.0,3,13223,7,1,1,0,0
220,4,0,1,0.68,0.79,0.1343,4,13224,7,1,1,0,0
221,5,0,1,0.66,0.83,0.1343,42,13225,7,1,1,0,0
222,6,0,1,0.68,0.79,0.1045,187,13226,7,1,0,0,1
223,7,0,1,0.7,0.74,0.1045,520,13227,7,1,0,0,1
224,8,0,1,0.72,0.74,0.1343,649,13228,7,1,1,0,0
225,9,0,1,0.74,0.66,0.1343,331,13229,7,1,1,0,0
226,10,0,1,0.76,0.62,0.1939999999999999,190,13230,7,1,1,0,0
227,11,0,1,0.8,0.46,0.1939999999999999,249,13231,7,1,1,0,0
228,12,0,1,0.8,0.41,0.1343,272,13232,7,1,1,0,0
229,13,0,1,0.82,0.38,0.1939999999999999,280,13233,7,1,1,0,0
230,14,0,1,0.82,0.38,0.1642,242,13234,7,1,1,0,0
231,15,0,1,0.8,0.41,0.2239,265,13235,7,1,1,0,0
232,16,0,1,0.8,0.43,0.2239,435,13236,7,1,1,0,0
233,17,0,1,0.78,0.49,0.1939999999999999,872,13237,7,1,1,0,0
234,18,0,1,0.7,0.74,0.2239,819,13238,7,1,0,1,0
235,19,0,1,0.7,0.74,0.2239,414,13239,7,1,0,1,0
236,20,0,1,0.64,0.83,0.2239,84,13240,7,1,0,1,0
237,21,0,1,0.64,0.89,0.1045,90,13241,7,1,0,1,0
238,22,0,1,0.64,0.83,0.1343,139,13242,7,1,0,0,1
239,23,0,1,0.64,0.89,0.1045,103,13243,7,1,0,0,1
240,0,0,1,0.66,0.83,0.1343,44,13244,7,1,0,0,1
241,1,0,1,0.64,0.89,0.0,14,13245,7,1,1,0,0
242,2,0,1,0.64,0.89,0.0,5,13246,7,1,1,0,0
243,3,0,1,0.64,0.89,0.1343,5,13247,7,1,1,0,0
244,4,0,1,0.64,0.89,0.1343,7,13248,7,1,1,0,0
245,5,0,1,0.64,0.89,0.0,41,13249,7,1,1,0,0
246,6,0,1,0.64,0.89,0.1343,185,13250,7,1,1,0,0
247,7,0,1,0.66,0.83,0.1045,497,13251,7,1,0,0,1
248,8,0,1,0.68,0.79,0.1642,674,13252,7,1,0,0,1
249,9,0,1,0.7,0.74,0.1343,328,13253,7,1,0,0,1
250,10,0,1,0.72,0.62,0.1343,195,13254,7,1,0,0,1
251,11,0,1,0.76,0.58,0.1343,229,13255,7,1,0,0,1
252,12,0,1,0.78,0.43,0.0,292,13256,7,1,0,0,1
253,13,0,1,0.8,0.42,0.1642,273,13257,7,1,0,0,1
254,14,0,1,0.8,0.41,0.2239,241,13258,7,1,1,0,0
255,15,0,1,0.8,0.41,0.2537,276,13259,7,1,1,0,0
256,16,0,1,0.8,0.38,0.1939999999999999,411,13260,7,1,1,0,0
257,17,0,1,0.8,0.31,0.2239,830,13261,7,1,1,0,0
258,18,0,1,0.78,0.38,0.2537,814,13262,7,1,1,0,0
259,19,0,1,0.74,0.48,0.2239,633,13263,7,1,1,0,0
260,20,0,1,0.74,0.51,0.1642,483,13264,7,1,1,0,0
261,21,0,1,0.72,0.58,0.2239,391,13265,7,1,1,0,0
262,22,0,1,0.72,0.58,0.2537,244,13266,7,1,1,0,0
263,23,0,1,0.7,0.58,0.2537,152,13267,7,1,0,0,1
264,0,0,1,0.68,0.61,0.0,56,13268,7,1,0,0,1
265,1,0,1,0.66,0.61,0.0,21,13269,7,1,0,0,1
266,2,0,1,0.66,0.65,0.0896,9,13270,7,1,0,0,1
267,3,0,1,0.64,0.69,0.1045,10,13271,7,1,1,0,0
268,4,0,1,0.64,0.73,0.1045,5,13272,7,1,1,0,0
269,5,0,1,0.62,0.73,0.1045,44,13273,7,1,1,0,0
270,6,0,1,0.64,0.73,0.0896,178,13274,7,1,1,0,0
271,7,0,1,0.64,0.73,0.1343,512,13275,7,1,1,0,0
272,8,0,1,0.68,0.65,0.1343,702,13276,7,1,1,0,0
273,9,0,1,0.72,0.58,0.1045,327,13277,7,1,1,0,0
274,10,0,1,0.74,0.48,0.1642,214,13278,7,1,1,0,0
275,11,0,1,0.76,0.45,0.1045,215,13279,7,1,1,0,0
276,12,0,1,0.78,0.35,0.1343,292,13280,7,1,1,0,0
277,13,0,1,0.8,0.33,0.2239,277,13281,7,1,1,0,0
278,14,0,1,0.78,0.33,0.2239,209,13282,7,1,1,0,0
279,15,0,1,0.8,0.36,0.1939999999999999,271,13283,7,1,1,0,0
280,16,0,1,0.8,0.36,0.1939999999999999,439,13284,7,1,1,0,0
281,17,0,1,0.76,0.43,0.2239,795,13285,7,1,1,0,0
282,18,0,1,0.76,0.45,0.1343,825,13286,7,1,1,0,0
283,19,0,1,0.74,0.48,0.2239,629,13287,7,1,1,0,0
284,20,0,1,0.74,0.48,0.2239,514,13288,7,1,1,0,0
285,21,0,1,0.72,0.48,0.2239,373,13289,7,1,1,0,0
286,22,0,1,0.72,0.51,0.1642,318,13290,7,1,1,0,0
287,23,0,1,0.7,0.51,0.2239,211,13291,7,1,0,0,1
288,0,0,1,0.7,0.54,0.1642,95,13292,7,1,0,0,1
289,1,0,1,0.68,0.54,0.1045,59,13293,7,1,0,0,1
290,2,0,1,0.66,0.61,0.0896,17,13294,7,1,0,0,1
291,3,0,1,0.68,0.61,0.0,9,13295,7,1,0,0,1
292,4,0,1,0.66,0.61,0.0,11,13296,7,1,0,0,1
293,5,0,1,0.66,0.56,0.0896,34,13297,7,1,0,0,1
294,6,0,1,0.7,0.54,0.0,127,13298,7,1,0,0,1
295,7,0,1,0.7,0.54,0.0,380,13299,7,1,0,0,1
296,8,0,1,0.7,0.54,0.0,713,13300,7,1,0,0,1
297,9,0,1,0.72,0.51,0.0,414,13301,7,1,0,0,1
298,10,0,1,0.74,0.48,0.0,268,13302,7,1,0,0,1
299,11,0,1,0.76,0.45,0.1343,288,13303,7,1,0,0,1
300,12,0,1,0.76,0.4,0.1045,379,13304,7,1,0,0,1
301,13,0,1,0.8,0.38,0.1343,374,13305,7,1,0,0,1
302,14,0,1,0.8,0.38,0.0,369,13306,7,1,0,0,1
303,15,0,1,0.8,0.36,0.1045,353,13307,7,1,0,0,1
304,16,0,1,0.8,0.36,0.2239,492,13308,7,1,0,0,1
305,17,0,1,0.8,0.36,0.1642,835,13309,7,1,0,0,1
306,18,0,1,0.78,0.46,0.1939999999999999,631,13310,7,1,1,0,0
307,19,0,1,0.74,0.51,0.1642,488,13311,7,1,1,0,0
308,20,0,1,0.74,0.48,0.1343,389,13312,7,1,1,0,0
309,21,0,1,0.72,0.54,0.0,299,13313,7,1,1,0,0
310,22,0,1,0.74,0.45,0.0,263,13314,7,1,1,0,0
311,23,0,1,0.72,0.45,0.1343,212,13315,7,1,0,0,1
312,0,0,0,0.72,0.48,0.0896,191,13316,7,1,0,0,1
313,1,0,0,0.7,0.51,0.1045,118,13317,7,1,0,0,1
314,2,0,0,0.7,0.54,0.1045,101,13318,7,1,0,0,1
315,3,0,0,0.7,0.54,0.1045,40,13319,7,1,0,0,1
316,4,0,0,0.66,0.61,0.1045,9,13320,7,1,0,1,0
317,5,0,0,0.64,0.73,0.1045,5,13321,7,1,0,0,1
318,6,0,0,0.64,0.78,0.0896,35,13322,7,1,0,0,1
319,7,0,0,0.64,0.78,0.2836,48,13323,7,1,1,0,0
320,8,0,0,0.62,0.78,0.2836,151,13324,7,1,1,0,0
321,9,0,0,0.66,0.74,0.1939999999999999,282,13325,7,1,1,0,0
322,10,0,0,0.72,0.7,0.0896,401,13326,7,1,0,0,1
323,11,0,0,0.72,0.7,0.1045,439,13327,7,1,0,0,1
324,12,0,0,0.74,0.66,0.0896,499,13328,7,1,0,0,1
325,13,0,0,0.76,0.62,0.0896,591,13329,7,1,0,0,1
326,14,0,0,0.8,0.55,0.1045,632,13330,7,1,1,0,0
327,15,0,0,0.8,0.55,0.1642,560,13331,7,1,1,0,0
328,16,0,0,0.72,0.79,0.3582,566,13332,7,1,0,0,1
329,17,0,0,0.7,0.79,0.1642,458,13333,7,1,0,1,0
330,18,0,0,0.72,0.79,0.1343,351,13334,7,1,1,0,0
331,19,0,0,0.72,0.84,0.0896,431,13335,7,1,1,0,0
332,20,0,0,0.72,0.84,0.0896,356,13336,7,1,1,0,0
333,21,0,0,0.7,0.84,0.2239,269,13337,7,1,1,0,0
334,22,0,0,0.7,0.79,0.1939999999999999,225,13338,7,1,1,0,0
335,23,0,0,0.68,0.83,0.0896,211,13339,7,1,0,0,1
336,0,0,0,0.68,0.89,0.1642,187,13340,7,1,1,0,0
337,1,0,0,0.68,0.89,0.1343,168,13341,7,1,0,0,1
338,2,0,0,0.68,0.89,0.1642,115,13342,7,1,0,0,1
339,3,0,0,0.68,0.89,0.1642,57,13343,7,1,0,0,1
340,4,0,0,0.68,0.89,0.1045,19,13344,7,1,0,0,1
341,5,0,0,0.68,0.89,0.1343,9,13345,7,1,1,0,0
342,6,0,0,0.68,0.83,0.1343,15,13346,7,1,1,0,0
343,7,0,0,0.7,0.79,0.0896,47,13347,7,1,1,0,0
344,8,0,0,0.7,0.84,0.1343,133,13348,7,1,0,0,1
345,9,0,0,0.72,0.79,0.0,221,13349,7,1,0,0,1
346,10,0,0,0.76,0.66,0.1343,382,13350,7,1,1,0,0
347,11,0,0,0.82,0.52,0.1642,451,13351,7,1,1,0,0
348,12,0,0,0.84,0.47,0.1045,489,13352,7,1,1,0,0
349,13,0,0,0.86,0.41,0.1045,480,13353,7,1,1,0,0
350,14,0,0,0.9,0.37,0.2537,476,13354,7,1,1,0,0
351,15,0,0,0.86,0.47,0.1343,489,13355,7,1,1,0,0
352,16,0,0,0.86,0.41,0.2239,495,13356,7,1,1,0,0
353,17,0,0,0.8,0.59,0.4925,436,13357,7,1,1,0,0
354,18,0,0,0.72,0.79,0.3582,312,13358,7,1,0,1,0
355,19,0,0,0.72,0.84,0.2239,312,13359,7,1,1,0,0
356,20,0,0,0.72,0.79,0.2537,294,13360,7,1,1,0,0
357,21,0,0,0.72,0.79,0.0896,223,13361,7,1,1,0,0
358,22,0,0,0.72,0.74,0.1045,130,13362,7,1,1,0,0
359,23,0,0,0.72,0.79,0.1343,91,13363,7,1,1,0,0
360,0,0,1,0.72,0.79,0.1045,43,13364,7,1,0,1,0
361,1,0,1,0.7,0.74,0.1939999999999999,11,13365,7,1,0,0,1
362,2,0,1,0.7,0.74,0.1045,15,13366,7,1,1,0,0
363,3,0,1,0.68,0.79,0.0896,6,13367,7,1,1,0,0
364,4,0,1,0.68,0.79,0.1045,12,13368,7,1,1,0,0
365,5,0,1,0.66,0.78,0.1045,50,13369,7,1,1,0,0
366,6,0,1,0.68,0.79,0.1343,140,13370,7,1,1,0,0
367,7,0,1,0.72,0.7,0.0896,483,13371,7,1,1,0,0
368,8,0,1,0.74,0.66,0.1045,667,13372,7,1,1,0,0
369,9,0,1,0.76,0.62,0.1642,348,13373,7,1,1,0,0
370,10,0,1,0.8,0.59,0.0,186,13374,7,1,1,0,0
371,11,0,1,0.84,0.53,0.2239,182,13375,7,1,1,0,0
372,12,0,1,0.84,0.49,0.1343,237,13376,7,1,1,0,0
373,13,0,1,0.84,0.49,0.2836,239,13377,7,1,1,0,0
374,14,0,1,0.88,0.42,0.1045,212,13378,7,1,1,0,0
375,15,0,1,0.86,0.47,0.2537,237,13379,7,1,1,0,0
376,16,0,1,0.76,0.66,0.5821,386,13380,7,1,0,1,0
377,17,0,1,0.76,0.66,0.5821,755,13381,7,1,0,1,0
378,18,0,1,0.84,0.53,0.0,794,13382,7,1,1,0,0
379,19,0,1,0.8,0.63,0.1343,595,13383,7,1,1,0,0
380,20,0,1,0.8,0.59,0.1343,454,13384,7,1,1,0,0
381,21,0,1,0.76,0.66,0.1343,328,13385,7,1,1,0,0
382,22,0,1,0.76,0.62,0.0896,284,13386,7,1,1,0,0
383,23,0,1,0.74,0.74,0.0896,166,13387,7,1,1,0,0
384,0,0,1,0.72,0.84,0.1045,53,13388,7,1,1,0,0
385,1,0,1,0.74,0.7,0.0,25,13389,7,1,1,0,0
386,2,0,1,0.72,0.7,0.0896,7,13390,7,1,1,0,0
387,3,0,1,0.72,0.66,0.0,3,13391,7,1,1,0,0
388,4,0,1,0.72,0.62,0.0,7,13392,7,1,1,0,0
389,5,0,1,0.68,0.74,0.0896,38,13393,7,1,1,0,0
390,6,0,1,0.72,0.66,0.1045,213,13394,7,1,1,0,0
391,7,0,1,0.74,0.7,0.0,526,13395,7,1,0,0,1
392,8,0,1,0.8,0.55,0.0,661,13396,7,1,0,0,1
393,9,0,1,0.82,0.49,0.2239,320,13397,7,1,0,0,1
394,10,0,1,0.84,0.49,0.1939999999999999,159,13398,7,1,0,0,1
395,11,0,1,0.86,0.47,0.0,206,13399,7,1,0,0,1
396,12,0,1,0.9,0.35,0.0,254,13400,7,1,0,0,1
397,13,0,1,0.92,0.31,0.1939999999999999,221,13401,7,1,1,0,0
398,14,0,1,0.94,0.29,0.2537,214,13402,7,1,1,0,0
399,15,0,1,0.92,0.31,0.1642,244,13403,7,1,1,0,0
400,16,0,1,0.92,0.29,0.1642,381,13404,7,1,1,0,0
401,17,0,1,0.92,0.29,0.0,770,13405,7,1,1,0,0
402,18,0,1,0.9,0.33,0.1939999999999999,772,13406,7,1,1,0,0
403,19,0,1,0.88,0.35,0.2537,547,13407,7,1,1,0,0
404,20,0,1,0.86,0.34,0.1642,427,13408,7,1,1,0,0
405,21,0,1,0.82,0.52,0.1343,333,13409,7,1,1,0,0
406,22,0,1,0.8,0.55,0.2239,244,13410,7,1,1,0,0
407,23,0,1,0.78,0.59,0.1939999999999999,161,13411,7,1,1,0,0
408,0,0,1,0.76,0.66,0.1642,53,13412,7,1,1,0,0
409,1,0,1,0.76,0.66,0.1045,16,13413,7,1,1,0,0
410,2,0,1,0.74,0.66,0.1343,8,13414,7,1,1,0,0
411,3,0,1,0.74,0.66,0.1343,4,13415,7,1,1,0,0
412,4,0,1,0.72,0.7,0.1343,6,13416,7,1,1,0,0
413,5,0,1,0.72,0.7,0.1642,46,13417,7,1,1,0,0
414,6,0,1,0.72,0.7,0.1642,162,13418,7,1,1,0,0
415,7,0,1,0.74,0.66,0.1642,495,13419,7,1,1,0,0
416,8,0,1,0.78,0.62,0.1045,679,13420,7,1,1,0,0
417,9,0,1,0.82,0.56,0.0,297,13421,7,1,1,0,0
418,10,0,1,0.9,0.42,0.1939999999999999,138,13422,7,1,1,0,0
419,11,0,1,0.9,0.42,0.0,183,13423,7,1,1,0,0
420,12,0,1,0.92,0.37,0.1343,202,13424,7,1,1,0,0
421,13,0,1,0.94,0.33,0.0,203,13425,7,1,1,0,0
422,14,0,1,0.94,0.38,0.3284,170,13426,7,1,1,0,0
423,15,0,1,0.92,0.35,0.3582,194,13427,7,1,0,1,0
424,16,0,1,0.74,0.66,0.2537,224,13428,7,1,1,0,0
425,17,0,1,0.74,0.7,0.2537,370,13429,7,1,1,0,0
426,18,0,1,0.76,0.62,0.1343,643,13430,7,1,0,0,1
427,19,0,1,0.76,0.62,0.1045,516,13431,7,1,0,0,1
428,20,0,1,0.74,0.62,0.0896,366,13432,7,1,1,0,0
429,21,0,1,0.76,0.62,0.0,319,13433,7,1,1,0,0
430,22,0,1,0.76,0.58,0.0896,288,13434,7,1,1,0,0
431,23,0,1,0.76,0.58,0.0896,131,13435,7,1,1,0,0
432,0,0,1,0.74,0.66,0.0896,66,13436,7,1,1,0,0
433,1,0,1,0.74,0.66,0.0896,25,13437,7,1,1,0,0
434,2,0,1,0.72,0.7,0.1939999999999999,7,13438,7,1,1,0,0
435,3,0,1,0.72,0.7,0.1045,5,13439,7,1,1,0,0
436,4,0,1,0.72,0.7,0.1045,8,13440,7,1,1,0,0
437,5,0,1,0.72,0.7,0.1045,40,13441,7,1,0,0,1
438,6,0,1,0.72,0.66,0.1343,152,13442,7,1,1,0,0
439,7,0,1,0.74,0.58,0.2836,473,13443,7,1,1,0,0
440,8,0,1,0.76,0.58,0.2537,657,13444,7,1,1,0,0
441,9,0,1,0.76,0.58,0.2836,318,13445,7,1,0,0,1
442,10,0,1,0.76,0.58,0.1939999999999999,198,13446,7,1,1,0,0
443,11,0,1,0.8,0.55,0.1045,216,13447,7,1,1,0,0
444,12,0,1,0.84,0.49,0.2836,274,13448,7,1,1,0,0
445,13,0,1,0.84,0.47,0.1343,254,13449,7,1,1,0,0
446,14,0,1,0.86,0.44,0.0896,197,13450,7,1,1,0,0
447,15,0,1,0.84,0.47,0.0896,292,13451,7,1,1,0,0
448,16,0,1,0.84,0.47,0.0896,358,13452,7,1,1,0,0
449,17,0,1,0.86,0.41,0.0,771,13453,7,1,1,0,0
450,18,0,1,0.86,0.41,0.1939999999999999,777,13454,7,1,1,0,0
451,19,0,1,0.84,0.44,0.2537,533,13455,7,1,1,0,0
452,20,0,1,0.82,0.49,0.1642,505,13456,7,1,1,0,0
453,21,0,1,0.66,0.89,0.2537,332,13457,7,1,0,1,0
454,22,0,1,0.66,0.89,0.2537,68,13458,7,1,0,1,0
455,23,0,1,0.66,0.89,0.2239,65,13459,7,1,0,1,0
456,0,0,1,0.66,0.89,0.0896,34,13460,7,1,0,1,0
457,1,0,1,0.66,0.89,0.1343,11,13461,7,1,1,0,0
458,2,0,1,0.66,0.89,0.0896,19,13462,7,1,0,0,1
459,3,0,1,0.66,0.89,0.1045,36,13463,7,1,0,0,1
460,4,0,1,0.66,0.89,0.1642,9,13464,7,1,0,0,1
461,5,0,1,0.66,0.89,0.1343,42,13465,7,1,0,0,1
462,6,0,1,0.66,0.89,0.1642,126,13466,7,1,0,0,1
463,7,0,1,0.66,0.89,0.1939999999999999,360,13467,7,1,0,0,1
464,8,0,1,0.68,0.83,0.1642,691,13468,7,1,0,0,1
465,9,0,1,0.7,0.79,0.1343,373,13469,7,1,0,0,1
466,10,0,1,0.7,0.79,0.1642,233,13470,7,1,0,0,1
467,11,0,1,0.72,0.74,0.1939999999999999,212,13471,7,1,0,1,0
468,12,0,1,0.68,0.83,0.1642,274,13472,7,1,0,1,0
469,13,0,1,0.68,0.83,0.1045,156,13473,7,1,0,1,0
470,14,0,1,0.7,0.84,0.1642,229,13474,7,1,0,1,0
471,15,0,1,0.7,0.84,0.2985,216,13475,7,1,0,0,1
472,16,0,1,0.68,0.83,0.3284,436,13476,7,1,0,0,1
473,17,0,1,0.66,0.89,0.4179,715,13477,7,1,0,0,1
474,18,0,1,0.66,0.78,0.3284,622,13478,7,1,0,0,1
475,19,0,1,0.64,0.83,0.2836,402,13479,7,1,0,0,1
476,20,0,1,0.64,0.83,0.3881,251,13480,7,1,0,1,0
477,21,0,1,0.62,0.83,0.3284,122,13481,7,1,0,1,0
478,22,0,1,0.62,0.83,0.1939999999999999,135,13482,7,1,0,0,1
479,23,0,1,0.62,0.83,0.2836,166,13483,7,1,0,0,1
480,0,0,0,0.62,0.83,0.2836,103,13484,7,1,0,1,0
481,1,0,0,0.62,0.83,0.2537,72,13485,7,1,0,0,1
482,2,0,0,0.6,0.88,0.2836,60,13486,7,1,0,1,0
483,3,0,0,0.6,0.88,0.2537,25,13487,7,1,0,1,0
484,4,0,0,0.58,0.88,0.2836,16,13488,7,1,0,1,0
485,5,0,0,0.58,0.88,0.2537,17,13489,7,1,0,1,0
486,6,0,0,0.58,0.88,0.2537,15,13490,7,1,0,1,0
487,7,0,0,0.58,0.88,0.2537,37,13491,7,1,0,0,1
488,8,0,0,0.58,0.83,0.2537,112,13492,7,1,0,0,1
489,9,0,0,0.58,0.83,0.1939999999999999,207,13493,7,1,0,0,1
490,10,0,0,0.58,0.88,0.2537,268,13494,7,1,0,1,0
491,11,0,0,0.6,0.83,0.2537,305,13495,7,1,0,0,1
492,12,0,0,0.6,0.83,0.2239,457,13496,7,1,0,1,0
493,13,0,0,0.6,0.83,0.1642,354,13497,7,1,0,1,0
494,14,0,0,0.6,0.88,0.2537,343,13498,7,1,0,0,1
495,15,0,0,0.6,0.88,0.2537,380,13499,7,1,0,1,0
496,16,0,0,0.6,0.88,0.1939999999999999,326,13500,7,1,0,1,0
497,17,0,0,0.6,0.88,0.1642,241,13501,7,1,0,1,0
498,18,0,0,0.6,0.88,0.1939999999999999,177,13502,7,1,0,0,1
499,19,0,0,0.6,0.88,0.1642,238,13503,7,1,0,0,1
500,20,0,0,0.6,0.88,0.1642,214,13504,7,1,0,1,0
501,21,0,0,0.6,0.88,0.1642,163,13505,7,1,0,0,1
502,22,0,0,0.6,0.88,0.1045,180,13506,7,1,0,0,1
503,23,0,0,0.6,0.88,0.0,149,13507,7,1,0,0,1
504,0,0,0,0.6,0.88,0.1045,113,13508,7,1,0,0,1
505,1,0,0,0.6,0.88,0.1642,130,13509,7,1,0,0,1
506,2,0,0,0.6,0.88,0.1045,122,13510,7,1,0,0,1
507,3,0,0,0.6,0.88,0.1045,43,13511,7,1,0,0,1
508,4,0,0,0.6,0.88,0.0,16,13512,7,1,1,0,0
509,5,0,0,0.6,0.88,0.0,6,13513,7,1,1,0,0
510,6,0,0,0.62,0.83,0.0896,19,13514,7,1,0,0,1
511,7,0,0,0.62,0.83,0.0,38,13515,7,1,0,0,1
512,8,0,0,0.64,0.78,0.0,153,13516,7,1,0,0,1
513,9,0,0,0.66,0.69,0.0,258,13517,7,1,0,0,1
514,10,0,0,0.66,0.74,0.0,379,13518,7,1,0,0,1
515,11,0,0,0.66,0.74,0.0,505,13519,7,1,0,0,1
516,12,0,0,0.7,0.7,0.1045,504,13520,7,1,0,0,1
517,13,0,0,0.7,0.65,0.0896,626,13521,7,1,0,0,1
518,14,0,0,0.72,0.66,0.1045,616,13522,7,1,1,0,0
519,15,0,0,0.72,0.66,0.1045,624,13523,7,1,1,0,0
520,16,0,0,0.74,0.66,0.1045,628,13524,7,1,1,0,0
521,17,0,0,0.74,0.66,0.2239,556,13525,7,1,1,0,0
522,18,0,0,0.74,0.66,0.1642,515,13526,7,1,1,0,0
523,19,0,0,0.72,0.7,0.1642,522,13527,7,1,1,0,0
524,20,0,0,0.7,0.74,0.1642,378,13528,7,1,1,0,0
525,21,0,0,0.7,0.79,0.1045,345,13529,7,1,1,0,0
526,22,0,0,0.7,0.74,0.1939999999999999,191,13530,7,1,1,0,0
527,23,0,0,0.68,0.79,0.1642,123,13531,7,1,1,0,0
528,0,0,1,0.66,0.89,0.0896,47,13532,7,1,1,0,0
529,1,0,1,0.66,0.89,0.1939999999999999,27,13533,7,1,1,0,0
530,2,0,1,0.66,0.94,0.0896,17,13534,7,1,0,0,1
531,3,0,1,0.66,0.94,0.0896,2,13535,7,1,0,0,1
532,4,0,1,0.66,0.94,0.1343,8,13536,7,1,0,0,1
533,5,0,1,0.66,0.94,0.1343,51,13537,7,1,0,0,1
534,6,0,1,0.68,0.89,0.0896,157,13538,7,1,0,0,1
535,7,0,1,0.7,0.84,0.1343,421,13539,7,1,1,0,0
536,8,0,1,0.72,0.79,0.1045,738,13540,7,1,1,0,0
537,9,0,1,0.74,0.74,0.1343,345,13541,7,1,0,0,1
538,10,0,1,0.78,0.62,0.0,200,13542,7,1,0,0,1
539,11,0,1,0.8,0.52,0.1642,198,13543,7,1,0,0,1
540,12,0,1,0.8,0.52,0.1642,314,13544,7,1,0,0,1
541,13,0,1,0.8,0.52,0.1045,240,13545,7,1,0,0,1
542,14,0,1,0.78,0.59,0.1642,271,13546,7,1,0,0,1
543,15,0,1,0.8,0.55,0.1939999999999999,281,13547,7,1,1,0,0
544,16,0,1,0.82,0.52,0.1343,457,13548,7,1,1,0,0
545,17,0,1,0.82,0.52,0.1343,847,13549,7,1,1,0,0
546,18,0,1,0.82,0.46,0.1045,741,13550,7,1,1,0,0
547,19,0,1,0.8,0.52,0.2537,582,13551,7,1,1,0,0
548,20,0,1,0.76,0.62,0.1642,403,13552,7,1,1,0,0
549,21,0,1,0.76,0.62,0.1939999999999999,296,13553,7,1,1,0,0
550,22,0,1,0.74,0.62,0.1939999999999999,209,13554,7,1,1,0,0
551,23,0,1,0.72,0.66,0.1642,114,13555,7,1,1,0,0
552,0,0,1,0.7,0.74,0.1343,64,13556,7,1,1,0,0
553,1,0,1,0.68,0.79,0.1642,17,13557,7,1,1,0,0
554,2,0,1,0.66,0.83,0.1642,16,13558,7,1,1,0,0
555,3,0,1,0.66,0.83,0.1642,6,13559,7,1,1,0,0
556,4,0,1,0.66,0.83,0.0896,6,13560,7,1,1,0,0
557,5,0,1,0.66,0.83,0.1045,50,13561,7,1,1,0,0
558,6,0,1,0.66,0.83,0.1343,190,13562,7,1,1,0,0
559,7,0,1,0.7,0.74,0.1642,516,13563,7,1,1,0,0
560,8,0,1,0.74,0.7,0.1939999999999999,743,13564,7,1,1,0,0
561,9,0,1,0.84,0.53,0.0,339,13565,7,1,1,0,0
562,10,0,1,0.82,0.56,0.2985,218,13566,7,1,1,0,0
563,11,0,1,0.84,0.53,0.3284,201,13567,7,1,0,0,1
564,12,0,1,0.82,0.56,0.2239,229,13568,7,1,0,0,1
565,13,0,1,0.84,0.53,0.2985,273,13569,7,1,0,0,1
566,14,0,1,0.84,0.53,0.2239,244,13570,7,1,0,0,1
567,15,0,1,0.82,0.49,0.2985,285,13571,7,1,1,0,0
568,16,0,1,0.8,0.55,0.2985,455,13572,7,1,1,0,0
569,17,0,1,0.8,0.52,0.3284,869,13573,7,1,1,0,0
570,18,0,1,0.76,0.62,0.3284,877,13574,7,1,1,0,0
571,19,0,1,0.76,0.62,0.1642,632,13575,7,1,1,0,0
572,20,0,1,0.74,0.66,0.1642,523,13576,7,1,1,0,0
573,21,0,1,0.74,0.66,0.2239,378,13577,7,1,1,0,0
574,22,0,1,0.74,0.66,0.2537,269,13578,7,1,1,0,0
575,23,0,1,0.74,0.58,0.3284,192,13579,7,1,1,0,0
576,0,0,1,0.72,0.58,0.2985,66,13580,7,1,1,0,0
577,1,0,1,0.7,0.58,0.1939999999999999,28,13581,7,1,1,0,0
578,2,0,1,0.68,0.61,0.2239,12,13582,7,1,1,0,0
579,3,0,1,0.66,0.65,0.2239,12,13583,7,1,1,0,0
580,4,0,1,0.64,0.65,0.2239,4,13584,7,1,1,0,0
581,5,0,1,0.64,0.65,0.1642,59,13585,7,1,1,0,0
582,6,0,1,0.64,0.65,0.1939999999999999,190,13586,7,1,1,0,0
583,7,0,1,0.66,0.5,0.3284,507,13587,7,1,1,0,0
584,8,0,1,0.7,0.42,0.2537,788,13588,7,1,1,0,0
585,9,0,1,0.72,0.37,0.2985,342,13589,7,1,1,0,0
586,10,0,1,0.74,0.37,0.0,231,13590,7,1,1,0,0
587,11,0,1,0.76,0.33,0.0,281,13591,7,1,1,0,0
588,12,0,1,0.76,0.33,0.0,310,13592,7,1,1,0,0
589,13,0,1,0.78,0.31,0.1642,312,13593,7,1,1,0,0
590,14,0,1,0.8,0.29,0.1343,247,13594,7,1,1,0,0
591,15,0,1,0.78,0.31,0.0896,317,13595,7,1,1,0,0
592,16,0,1,0.8,0.29,0.1642,484,13596,7,1,1,0,0
593,17,0,1,0.8,0.31,0.0,913,13597,7,1,1,0,0
594,18,0,1,0.8,0.27,0.1343,891,13598,7,1,1,0,0
595,19,0,1,0.76,0.33,0.1343,698,13599,7,1,1,0,0
596,20,0,1,0.74,0.4,0.1642,567,13600,7,1,1,0,0
597,21,0,1,0.72,0.45,0.1343,397,13601,7,1,1,0,0
598,22,0,1,0.7,0.58,0.1343,278,13602,7,1,1,0,0
599,23,0,1,0.68,0.57,0.2985,239,13603,7,1,1,0,0
600,0,0,1,0.66,0.65,0.1939999999999999,92,13604,7,1,1,0,0
601,1,0,1,0.66,0.65,0.2239,29,13605,7,1,1,0,0
602,2,0,1,0.66,0.69,0.2537,21,13606,7,1,1,0,0
603,3,0,1,0.66,0.69,0.2239,8,13607,7,1,1,0,0
604,4,0,1,0.66,0.74,0.1939999999999999,4,13608,7,1,1,0,0
605,5,0,1,0.66,0.74,0.1939999999999999,42,13609,7,1,1,0,0
606,6,0,1,0.66,0.78,0.2537,181,13610,7,1,1,0,0
607,7,0,1,0.7,0.74,0.2537,495,13611,7,1,1,0,0
608,8,0,1,0.7,0.74,0.2537,729,13612,7,1,0,0,1
609,9,0,1,0.72,0.7,0.1343,344,13613,7,1,0,0,1
610,10,0,1,0.74,0.7,0.2239,222,13614,7,1,1,0,0
611,11,0,1,0.8,0.66,0.2239,212,13615,7,1,1,0,0
612,12,0,1,0.84,0.56,0.2537,279,13616,7,1,1,0,0
613,13,0,1,0.86,0.53,0.2985,242,13617,7,1,1,0,0
614,14,0,1,0.9,0.47,0.2537,213,13618,7,1,1,0,0
615,15,0,1,0.92,0.42,0.2985,238,13619,7,1,1,0,0
616,16,0,1,0.94,0.38,0.3881,374,13620,7,1,1,0,0
617,17,0,1,0.9,0.45,0.4179,738,13621,7,1,1,0,0
618,18,0,1,0.92,0.4,0.3582,688,13622,7,1,1,0,0
619,19,0,1,0.9,0.45,0.3284,614,13623,7,1,1,0,0
620,20,0,1,0.86,0.5,0.2537,446,13624,7,1,1,0,0
621,21,0,1,0.8,0.49,0.6119,271,13625,7,1,1,0,0
622,22,0,1,0.8,0.49,0.6119,234,13626,7,1,1,0,0
623,23,0,1,0.72,0.7,0.1343,145,13627,7,1,1,0,0
624,0,0,1,0.72,0.7,0.0,97,13628,7,1,1,0,0
625,1,0,1,0.72,0.7,0.1045,54,13629,7,1,1,0,0
626,2,0,1,0.7,0.79,0.1343,26,13630,7,1,1,0,0
627,3,0,1,0.7,0.74,0.1642,12,13631,7,1,1,0,0
628,4,0,1,0.7,0.79,0.0,8,13632,7,1,1,0,0
629,5,0,1,0.7,0.84,0.0,37,13633,7,1,1,0,0
630,6,0,1,0.7,0.79,0.0,139,13634,7,1,1,0,0
631,7,0,1,0.72,0.7,0.1939999999999999,410,13635,7,1,1,0,0
632,8,0,1,0.76,0.66,0.0896,676,13636,7,1,1,0,0
633,9,0,1,0.82,0.49,0.2836,363,13637,7,1,1,0,0
634,10,0,1,0.84,0.47,0.0,231,13638,7,1,1,0,0
635,11,0,1,0.84,0.47,0.3284,251,13639,7,1,1,0,0
636,12,0,1,0.84,0.49,0.3582,299,13640,7,1,1,0,0
637,13,0,1,0.84,0.47,0.2836,314,13641,7,1,1,0,0
638,14,0,1,0.86,0.47,0.2985,326,13642,7,1,1,0,0
639,15,0,1,0.86,0.41,0.2239,323,13643,7,1,1,0,0
640,16,0,1,0.84,0.47,0.2239,499,13644,7,1,1,0,0
641,17,0,1,0.86,0.41,0.2836,699,13645,7,1,1,0,0
642,18,0,1,0.82,0.46,0.1642,622,13646,7,1,1,0,0
643,19,0,1,0.82,0.52,0.1939999999999999,516,13647,7,1,1,0,0
644,20,0,1,0.78,0.59,0.1045,354,13648,7,1,1,0,0
645,21,0,1,0.78,0.59,0.1045,260,13649,7,1,1,0,0
646,22,0,1,0.78,0.59,0.1343,199,13650,7,1,1,0,0
647,23,0,1,0.76,0.66,0.0,189,13651,7,1,1,0,0
648,0,0,0,0.74,0.62,0.1343,191,13652,7,1,1,0,0
649,1,0,0,0.72,0.7,0.0896,80,13653,7,1,1,0,0
650,2,0,0,0.72,0.7,0.0,90,13654,7,1,1,0,0
651,3,0,0,0.72,0.7,0.0,43,13655,7,1,1,0,0
652,4,0,0,0.7,0.79,0.1939999999999999,11,13656,7,1,1,0,0
653,5,0,0,0.68,0.79,0.1642,14,13657,7,1,1,0,0
654,6,0,0,0.7,0.7,0.1045,50,13658,7,1,1,0,0
655,7,0,0,0.72,0.7,0.1343,76,13659,7,1,1,0,0
656,8,0,0,0.74,0.66,0.1642,163,13660,7,1,1,0,0
657,9,0,0,0.78,0.59,0.1045,337,13661,7,1,1,0,0
658,10,0,0,0.82,0.52,0.2239,395,13662,7,1,1,0,0
659,11,0,0,0.84,0.39,0.2239,457,13663,7,1,1,0,0
660,12,0,0,0.84,0.41,0.2239,487,13664,7,1,1,0,0
661,13,0,0,0.86,0.41,0.2836,498,13665,7,1,1,0,0
662,14,0,0,0.86,0.39,0.2537,494,13666,7,1,1,0,0
663,15,0,0,0.88,0.32,0.2836,497,13667,7,1,1,0,0
664,16,0,0,0.86,0.39,0.2239,487,13668,7,1,1,0,0
665,17,0,0,0.82,0.46,0.1939999999999999,479,13669,7,1,1,0,0
666,18,0,0,0.82,0.43,0.2836,481,13670,7,1,1,0,0
667,19,0,0,0.68,0.83,0.0,338,13671,7,1,1,0,0
668,20,0,0,0.66,0.83,0.2239,233,13672,7,1,1,0,0
669,21,0,0,0.66,0.78,0.0896,300,13673,7,1,1,0,0
670,22,0,0,0.66,0.78,0.0896,276,13674,7,1,1,0,0
671,23,0,0,0.66,0.83,0.0896,208,13675,7,1,1,0,0
672,0,0,0,0.66,0.89,0.1343,188,13676,7,1,1,0,0
673,1,0,0,0.66,0.83,0.1045,158,13677,7,1,1,0,0
674,2,0,0,0.66,0.74,0.1343,112,13678,7,1,1,0,0
675,3,0,0,0.66,0.69,0.2239,55,13679,7,1,1,0,0
676,4,0,0,0.64,0.69,0.1939999999999999,13,13680,7,1,1,0,0
677,5,0,0,0.62,0.78,0.1939999999999999,17,13681,7,1,1,0,0
678,6,0,0,0.64,0.73,0.1642,18,13682,7,1,1,0,0
679,7,0,0,0.66,0.69,0.2537,40,13683,7,1,1,0,0
680,8,0,0,0.7,0.65,0.2239,127,13684,7,1,1,0,0
681,9,0,0,0.72,0.62,0.2537,226,13685,7,1,1,0,0
682,10,0,0,0.74,0.62,0.0,381,13686,7,1,1,0,0
683,11,0,0,0.76,0.55,0.2239,509,13687,7,1,1,0,0
684,12,0,0,0.76,0.55,0.3284,511,13688,7,1,1,0,0
685,13,0,0,0.8,0.49,0.2239,483,13689,7,1,1,0,0
686,14,0,0,0.8,0.46,0.1939999999999999,522,13690,7,1,1,0,0
687,15,0,0,0.8,0.43,0.1343,501,13691,7,1,1,0,0
688,16,0,0,0.8,0.43,0.1343,521,13692,7,1,1,0,0
689,17,0,0,0.82,0.41,0.1642,531,13693,7,1,1,0,0
690,18,0,0,0.8,0.41,0.2985,419,13694,7,1,1,0,0
691,19,0,0,0.76,0.55,0.1642,443,13695,7,1,1,0,0
692,20,0,0,0.74,0.66,0.1045,303,13696,7,1,1,0,0
693,21,0,0,0.72,0.7,0.1343,271,13697,7,1,1,0,0
694,22,0,0,0.7,0.7,0.1045,148,13698,7,1,1,0,0
695,23,0,0,0.7,0.7,0.0,100,13699,7,1,1,0,0
696,0,0,1,0.7,0.74,0.0896,58,13700,7,1,1,0,0
697,1,0,1,0.7,0.74,0.0,19,13701,7,1,1,0,0
698,2,0,1,0.68,0.74,0.0,8,13702,7,1,1,0,0
699,3,0,1,0.66,0.83,0.0,3,13703,7,1,1,0,0
700,4,0,1,0.66,0.83,0.0,5,13704,7,1,1,0,0
701,5,0,1,0.66,0.83,0.1045,47,13705,7,1,1,0,0
702,6,0,1,0.66,0.83,0.1642,161,13706,7,1,1,0,0
703,7,0,1,0.7,0.79,0.0896,469,13707,7,1,1,0,0
704,8,0,1,0.72,0.74,0.1045,751,13708,7,1,0,0,1
705,9,0,1,0.74,0.7,0.0,293,13709,7,1,0,0,1
706,10,0,1,0.74,0.66,0.2239,189,13710,7,1,0,0,1
707,11,0,1,0.78,0.55,0.1343,215,13711,7,1,0,0,1
708,12,0,1,0.76,0.58,0.1045,278,13712,7,1,0,0,1
709,13,0,1,0.8,0.49,0.1642,226,13713,7,1,1,0,0
710,14,0,1,0.8,0.49,0.2239,254,13714,7,1,1,0,0
711,15,0,1,0.8,0.49,0.2537,236,13715,7,1,1,0,0
712,16,0,1,0.8,0.49,0.2836,425,13716,7,1,1,0,0
713,17,0,1,0.76,0.55,0.3284,827,13717,7,1,1,0,0
714,18,0,1,0.76,0.58,0.4179,812,13718,7,1,1,0,0
715,19,0,1,0.82,0.52,0.1642,665,13719,7,1,1,0,0
716,20,0,1,0.72,0.7,0.2239,462,13720,7,1,1,0,0
717,21,0,1,0.72,0.7,0.1939999999999999,322,13721,7,1,1,0,0
718,22,0,1,0.7,0.74,0.2239,230,13722,7,1,0,0,1
719,23,0,1,0.7,0.74,0.1939999999999999,150,13723,7,1,1,0,0
720,0,0,1,0.68,0.79,0.1343,38,13724,7,1,1,0,0
721,1,0,1,0.66,0.83,0.1343,21,13725,7,1,1,0,0
722,2,0,1,0.66,0.83,0.1343,8,13726,7,1,1,0,0
723,3,0,1,0.66,0.83,0.0896,6,13727,7,1,1,0,0
724,4,0,1,0.66,0.83,0.0896,6,13728,7,1,1,0,0
725,5,0,1,0.66,0.83,0.1642,45,13729,7,1,1,0,0
726,6,0,1,0.64,0.89,0.1642,194,13730,7,1,1,0,0
727,7,0,1,0.68,0.83,0.2239,513,13731,7,1,1,0,0
728,8,0,1,0.7,0.79,0.1343,760,13732,7,1,1,0,0
729,9,0,1,0.72,0.7,0.1045,333,13733,7,1,1,0,0
730,10,0,1,0.72,0.66,0.0,227,13734,7,1,1,0,0
731,11,0,1,0.76,0.58,0.0,224,13735,7,1,1,0,0
732,12,0,1,0.8,0.46,0.0,248,13736,7,1,1,0,0
733,13,0,1,0.8,0.55,0.2836,288,13737,7,1,1,0,0
734,14,0,1,0.8,0.55,0.2836,260,13738,7,1,1,0,0
735,15,0,1,0.76,0.62,0.1343,144,13739,7,1,1,0,0
736,16,0,1,0.76,0.58,0.2239,402,13740,7,1,1,0,0
737,17,0,1,0.78,0.52,0.2239,820,13741,7,1,1,0,0
738,18,0,1,0.76,0.55,0.2836,857,13742,7,1,1,0,0
739,19,0,1,0.74,0.62,0.3582,614,13743,7,1,0,1,0
740,20,0,1,0.7,0.7,0.1939999999999999,452,13744,7,1,0,1,0
741,21,0,1,0.68,0.79,0.1939999999999999,352,13745,7,1,1,0,0
742,22,0,1,0.68,0.74,0.2537,257,13746,7,1,1,0,0
743,23,0,1,0.66,0.83,0.1642,147,13747,7,1,0,0,1
744,0,0,1,0.68,0.79,0.1642,47,13748,8,1,1,0,0
745,1,0,1,0.66,0.83,0.0896,33,13749,8,1,1,0,0
746,2,0,1,0.64,0.83,0.1045,13,13750,8,1,1,0,0
747,3,0,1,0.64,0.83,0.1045,7,13751,8,1,1,0,0
748,4,0,1,0.64,0.78,0.1343,4,13752,8,1,0,0,1
749,5,0,1,0.64,0.78,0.1343,49,13753,8,1,0,0,1
750,6,0,1,0.64,0.78,0.1343,185,13754,8,1,1,0,0
751,7,0,1,0.64,0.83,0.1343,487,13755,8,1,0,0,1
752,8,0,1,0.66,0.78,0.1939999999999999,681,13756,8,1,0,0,1
753,9,0,1,0.68,0.74,0.0896,350,13757,8,1,0,0,1
754,10,0,1,0.72,0.66,0.0896,236,13758,8,1,1,0,0
755,11,0,1,0.76,0.58,0.0896,234,13759,8,1,1,0,0
756,12,0,1,0.8,0.49,0.1045,284,13760,8,1,1,0,0
757,13,0,1,0.8,0.52,0.1642,280,13761,8,1,1,0,0
758,14,0,1,0.82,0.46,0.1642,263,13762,8,1,1,0,0
759,15,0,1,0.82,0.46,0.1642,295,13763,8,1,1,0,0
760,16,0,1,0.8,0.55,0.2836,479,13764,8,1,1,0,0
761,17,0,1,0.8,0.49,0.1642,837,13765,8,1,1,0,0
762,18,0,1,0.76,0.62,0.2239,891,13766,8,1,0,1,0
763,19,0,1,0.74,0.66,0.2537,652,13767,8,1,1,0,0
764,20,0,1,0.74,0.66,0.1642,513,13768,8,1,1,0,0
765,21,0,1,0.72,0.7,0.1343,320,13769,8,1,1,0,0
766,22,0,1,0.72,0.7,0.1045,288,13770,8,1,1,0,0
767,23,0,1,0.7,0.74,0.0,152,13771,8,1,1,0,0
768,0,0,1,0.7,0.74,0.0,63,13772,8,1,1,0,0
769,1,0,1,0.68,0.79,0.1045,42,13773,8,1,1,0,0
770,2,0,1,0.66,0.83,0.0896,11,13774,8,1,1,0,0
771,3,0,1,0.66,0.83,0.0,6,13775,8,1,1,0,0
772,4,0,1,0.66,0.83,0.0,9,13776,8,1,1,0,0
773,5,0,1,0.66,0.89,0.1343,41,13777,8,1,1,0,0
774,6,0,1,0.66,0.83,0.0,183,13778,8,1,1,0,0
775,7,0,1,0.7,0.79,0.0,473,13779,8,1,1,0,0
776,8,0,1,0.72,0.74,0.1045,739,13780,8,1,1,0,0
777,9,0,1,0.76,0.66,0.1045,343,13781,8,1,1,0,0
778,10,0,1,0.8,0.55,0.0,181,13782,8,1,1,0,0
779,11,0,1,0.82,0.52,0.1045,226,13783,8,1,1,0,0
780,12,0,1,0.84,0.44,0.1343,286,13784,8,1,1,0,0
781,13,0,1,0.86,0.44,0.2239,310,13785,8,1,1,0,0
782,14,0,1,0.86,0.41,0.1343,225,13786,8,1,1,0,0
783,15,0,1,0.78,0.62,0.4627,270,13787,8,1,1,0,0
784,16,0,1,0.82,0.46,0.1939999999999999,406,13788,8,1,1,0,0
785,17,0,1,0.82,0.52,0.2537,865,13789,8,1,1,0,0
786,18,0,1,0.8,0.59,0.2239,767,13790,8,1,1,0,0
787,19,0,1,0.8,0.63,0.1642,607,13791,8,1,1,0,0
788,20,0,1,0.78,0.66,0.0,427,13792,8,1,1,0,0
789,21,0,1,0.76,0.66,0.2239,342,13793,8,1,1,0,0
790,22,0,1,0.74,0.7,0.1939999999999999,262,13794,8,1,1,0,0
791,23,0,1,0.72,0.7,0.2537,177,13795,8,1,1,0,0
792,0,0,1,0.72,0.7,0.1939999999999999,71,13796,8,1,1,0,0
793,1,0,1,0.7,0.74,0.1939999999999999,43,13797,8,1,1,0,0
794,2,0,1,0.68,0.79,0.2239,14,13798,8,1,1,0,0
795,3,0,1,0.68,0.79,0.2239,6,13799,8,1,1,0,0
796,4,0,1,0.66,0.83,0.2537,12,13800,8,1,1,0,0
797,5,0,1,0.66,0.83,0.1642,37,13801,8,1,1,0,0
798,6,0,1,0.66,0.83,0.2239,163,13802,8,1,1,0,0
799,7,0,1,0.7,0.74,0.1045,421,13803,8,1,1,0,0
800,8,0,1,0.72,0.7,0.1343,668,13804,8,1,1,0,0
801,9,0,1,0.74,0.66,0.1045,396,13805,8,1,0,0,1
802,10,0,1,0.8,0.52,0.1939999999999999,249,13806,8,1,0,0,1
803,11,0,1,0.84,0.49,0.2836,263,13807,8,1,0,0,1
804,12,0,1,0.86,0.5,0.2985,338,13808,8,1,0,0,1
805,13,0,1,0.86,0.47,0.2836,345,13809,8,1,0,0,1
806,14,0,1,0.86,0.44,0.2537,331,13810,8,1,0,0,1
807,15,0,1,0.88,0.42,0.2537,380,13811,8,1,1,0,0
808,16,0,1,0.86,0.41,0.2239,492,13812,8,1,0,0,1
809,17,0,1,0.84,0.53,0.2836,741,13813,8,1,0,0,1
810,18,0,1,0.82,0.59,0.2537,671,13814,8,1,0,0,1
811,19,0,1,0.8,0.63,0.2239,469,13815,8,1,0,0,1
812,20,0,1,0.78,0.66,0.2239,389,13816,8,1,0,0,1
813,21,0,1,0.76,0.66,0.1939999999999999,278,13817,8,1,0,0,1
814,22,0,1,0.76,0.7,0.2537,202,13818,8,1,1,0,0
815,23,0,1,0.74,0.79,0.1343,196,13819,8,1,1,0,0
816,0,0,0,0.74,0.79,0.1642,161,13820,8,1,1,0,0
817,1,0,0,0.72,0.84,0.1939999999999999,122,13821,8,1,1,0,0
818,2,0,0,0.72,0.84,0.1343,84,13822,8,1,1,0,0
819,3,0,0,0.72,0.84,0.1343,30,13823,8,1,1,0,0
820,4,0,0,0.72,0.79,0.1939999999999999,13,13824,8,1,1,0,0
821,5,0,0,0.7,0.84,0.2239,17,13825,8,1,1,0,0
822,6,0,0,0.7,0.84,0.2239,49,13826,8,1,1,0,0
823,7,0,0,0.72,0.77,0.1642,67,13827,8,1,1,0,0
824,8,0,0,0.74,0.72,0.1939999999999999,181,13828,8,1,1,0,0
825,9,0,0,0.78,0.65,0.2239,278,13829,8,1,1,0,0
826,10,0,0,0.82,0.57,0.1939999999999999,396,13830,8,1,1,0,0
827,11,0,0,0.86,0.47,0.2537,470,13831,8,1,1,0,0
828,12,0,0,0.86,0.4,0.3582,547,13832,8,1,1,0,0
829,13,0,0,0.88,0.42,0.2985,527,13833,8,1,1,0,0
830,14,0,0,0.88,0.4,0.3881,472,13834,8,1,1,0,0
831,15,0,0,0.88,0.42,0.4179,489,13835,8,1,1,0,0
832,16,0,0,0.9,0.39,0.2985,450,13836,8,1,1,0,0
833,17,0,0,0.88,0.37,0.2985,492,13837,8,1,1,0,0
834,18,0,0,0.86,0.41,0.3284,490,13838,8,1,1,0,0
835,19,0,0,0.82,0.52,0.3582,397,13839,8,1,1,0,0
836,20,0,0,0.82,0.52,0.2985,312,13840,8,1,1,0,0
837,21,0,0,0.8,0.59,0.2537,289,13841,8,1,1,0,0
838,22,0,0,0.76,0.66,0.2836,269,13842,8,1,1,0,0
839,23,0,0,0.76,0.66,0.2985,222,13843,8,1,1,0,0
840,0,0,0,0.74,0.7,0.2836,153,13844,8,1,1,0,0
841,1,0,0,0.74,0.7,0.2537,87,13845,8,1,1,0,0
842,2,0,0,0.74,0.7,0.2985,73,13846,8,1,1,0,0
843,3,0,0,0.72,0.74,0.2537,41,13847,8,1,1,0,0
844,4,0,0,0.72,0.74,0.2537,14,13848,8,1,1,0,0
845,5,0,0,0.72,0.74,0.2537,19,13849,8,1,1,0,0
846,6,0,0,0.72,0.79,0.2537,19,13850,8,1,1,0,0
847,7,0,0,0.74,0.74,0.2985,68,13851,8,1,1,0,0
848,8,0,0,0.76,0.66,0.3284,108,13852,8,1,1,0,0
849,9,0,0,0.8,0.59,0.3582,229,13853,8,1,1,0,0
850,10,0,0,0.8,0.59,0.4179,364,13854,8,1,1,0,0
851,11,0,0,0.82,0.56,0.4179,437,13855,8,1,1,0,0
852,12,0,0,0.86,0.47,0.5224,491,13856,8,1,1,0,0
853,13,0,0,0.88,0.44,0.4627,523,13857,8,1,1,0,0
854,14,0,0,0.9,0.42,0.4627,526,13858,8,1,1,0,0
855,15,0,0,0.9,0.37,0.5224,450,13859,8,1,1,0,0
856,16,0,0,0.82,0.46,0.2537,421,13860,8,1,1,0,0
857,17,0,0,0.82,0.46,0.2537,382,13861,8,1,1,0,0
858,18,0,0,0.7,0.74,0.1343,229,13862,8,1,0,1,0
859,19,0,0,0.7,0.84,0.2239,185,13863,8,1,1,0,0
860,20,0,0,0.7,0.84,0.1045,193,13864,8,1,1,0,0
861,21,0,0,0.72,0.79,0.1045,208,13865,8,1,1,0,0
862,22,0,0,0.72,0.79,0.0896,157,13866,8,1,1,0,0
863,23,0,0,0.72,0.79,0.1642,87,13867,8,1,0,0,1
864,0,0,1,0.72,0.79,0.0,33,13868,8,1,0,0,1
865,1,0,1,0.72,0.79,0.0896,11,13869,8,1,1,0,0
866,2,0,1,0.72,0.79,0.1343,5,13870,8,1,0,0,1
867,3,0,1,0.72,0.79,0.0896,5,13871,8,1,0,1,0
868,4,0,1,0.72,0.74,0.1343,11,13872,8,1,0,0,1
869,5,0,1,0.7,0.79,0.1939999999999999,25,13873,8,1,1,0,0
870,6,0,1,0.7,0.79,0.2239,141,13874,8,1,0,0,1
871,7,0,1,0.72,0.7,0.1939999999999999,407,13875,8,1,0,1,0
872,8,0,1,0.7,0.79,0.0,605,13876,8,1,0,0,1
873,9,0,1,0.7,0.79,0.1642,276,13877,8,1,0,1,0
874,10,0,1,0.74,0.7,0.2239,213,13878,8,1,1,0,0
875,11,0,1,0.76,0.66,0.1343,260,13879,8,1,1,0,0
876,12,0,1,0.78,0.55,0.0896,285,13880,8,1,0,0,1
877,13,0,1,0.8,0.49,0.2239,289,13881,8,1,1,0,0
878,14,0,1,0.82,0.46,0.0,287,13882,8,1,1,0,0
879,15,0,1,0.82,0.46,0.1343,274,13883,8,1,1,0,0
880,16,0,1,0.84,0.41,0.1045,451,13884,8,1,1,0,0
881,17,0,1,0.82,0.41,0.0,858,13885,8,1,1,0,0
882,18,0,1,0.82,0.41,0.1343,843,13886,8,1,1,0,0
883,19,0,1,0.78,0.59,0.1939999999999999,640,13887,8,1,1,0,0
884,20,0,1,0.76,0.66,0.1642,457,13888,8,1,1,0,0
885,21,0,1,0.74,0.7,0.1939999999999999,317,13889,8,1,1,0,0
886,22,0,1,0.74,0.7,0.0896,207,13890,8,1,1,0,0
887,23,0,1,0.72,0.74,0.1939999999999999,113,13891,8,1,1,0,0
888,0,0,1,0.7,0.84,0.1939999999999999,47,13892,8,1,1,0,0
889,1,0,1,0.7,0.84,0.1343,18,13893,8,1,1,0,0
890,2,0,1,0.7,0.84,0.1343,13,13894,8,1,1,0,0
891,3,0,1,0.7,0.84,0.0,6,13895,8,1,1,0,0
892,4,0,1,0.68,0.83,0.1343,9,13896,8,1,1,0,0
893,5,0,1,0.7,0.79,0.1045,36,13897,8,1,1,0,0
894,6,0,1,0.7,0.79,0.1939999999999999,179,13898,8,1,0,0,1
895,7,0,1,0.7,0.74,0.1343,502,13899,8,1,0,0,1
896,8,0,1,0.7,0.7,0.1642,705,13900,8,1,0,0,1
897,9,0,1,0.7,0.74,0.1343,327,13901,8,1,0,0,1
898,10,0,1,0.74,0.7,0.1343,250,13902,8,1,0,0,1
899,11,0,1,0.76,0.66,0.0896,214,13903,8,1,0,0,1
900,12,0,1,0.8,0.55,0.1343,283,13904,8,1,0,0,1
901,13,0,1,0.8,0.52,0.1939999999999999,253,13905,8,1,0,0,1
902,14,0,1,0.82,0.46,0.0,261,13906,8,1,0,0,1
903,15,0,1,0.8,0.52,0.0,306,13907,8,1,1,0,0
904,16,0,1,0.76,0.66,0.2836,445,13908,8,1,0,1,0
905,17,0,1,0.78,0.62,0.1343,868,13909,8,1,0,0,1
906,18,0,1,0.76,0.62,0.1642,814,13910,8,1,0,0,1
907,19,0,1,0.76,0.66,0.1045,610,13911,8,1,0,0,1
908,20,0,1,0.74,0.7,0.1343,448,13912,8,1,0,0,1
909,21,0,1,0.72,0.74,0.0,317,13913,8,1,0,0,1
910,22,0,1,0.72,0.74,0.1045,224,13914,8,1,1,0,0
911,23,0,1,0.72,0.79,0.0,138,13915,8,1,1,0,0
912,0,0,1,0.7,0.84,0.0,58,13916,8,1,1,0,0
913,1,0,1,0.72,0.79,0.0,23,13917,8,1,1,0,0
914,2,0,1,0.7,0.84,0.0,6,13918,8,1,1,0,0
915,3,0,1,0.7,0.84,0.0,7,13919,8,1,1,0,0
916,4,0,1,0.7,0.84,0.0,7,13920,8,1,1,0,0
917,5,0,1,0.68,0.89,0.1642,43,13921,8,1,0,0,1
918,6,0,1,0.7,0.84,0.1642,173,13922,8,1,0,0,1
919,7,0,1,0.7,0.84,0.1642,482,13923,8,1,0,0,1
920,8,0,1,0.74,0.72,0.0896,737,13924,8,1,0,0,1
921,9,0,1,0.76,0.66,0.0,341,13925,8,1,0,0,1
922,10,0,1,0.8,0.52,0.1343,214,13926,8,1,0,0,1
923,11,0,1,0.8,0.52,0.0,239,13927,8,1,0,0,1
924,12,0,1,0.8,0.52,0.0,280,13928,8,1,0,0,1
925,13,0,1,0.8,0.52,0.0,313,13929,8,1,0,0,1
926,14,0,1,0.8,0.52,0.2537,236,13930,8,1,0,0,1
927,15,0,1,0.84,0.44,0.1939999999999999,278,13931,8,1,0,0,1
928,16,0,1,0.8,0.49,0.2836,441,13932,8,1,0,0,1
929,17,0,1,0.8,0.55,0.2836,858,13933,8,1,0,0,1
930,18,0,1,0.78,0.55,0.1642,862,13934,8,1,0,0,1
931,19,0,1,0.76,0.66,0.2239,686,13935,8,1,1,0,0
932,20,0,1,0.74,0.66,0.1939999999999999,500,13936,8,1,1,0,0
933,21,0,1,0.74,0.66,0.1045,381,13937,8,1,1,0,0
934,22,0,1,0.72,0.74,0.1045,233,13938,8,1,1,0,0
935,23,0,1,0.72,0.7,0.1343,136,13939,8,1,1,0,0
936,0,0,1,0.72,0.74,0.1939999999999999,67,13940,8,1,1,0,0
937,1,0,1,0.7,0.79,0.1343,28,13941,8,1,1,0,0
938,2,0,1,0.7,0.84,0.0896,14,13942,8,1,1,0,0
939,3,0,1,0.68,0.83,0.0896,6,13943,8,1,1,0,0
940,4,0,1,0.68,0.89,0.1343,10,13944,8,1,0,0,1
941,5,0,1,0.66,0.94,0.0,41,13945,8,1,0,0,1
942,6,0,1,0.66,0.83,0.1642,167,13946,8,1,1,0,0
943,7,0,1,0.7,0.84,0.1642,475,13947,8,1,0,0,1
944,8,0,1,0.72,0.74,0.1045,698,13948,8,1,1,0,0
945,9,0,1,0.76,0.66,0.1642,353,13949,8,1,1,0,0
946,10,0,1,0.8,0.55,0.2239,205,13950,8,1,1,0,0
947,11,0,1,0.84,0.44,0.0,260,13951,8,1,1,0,0
948,12,0,1,0.84,0.44,0.1045,277,13952,8,1,1,0,0
949,13,0,1,0.86,0.41,0.1045,281,13953,8,1,1,0,0
950,14,0,1,0.88,0.32,0.2239,247,13954,8,1,1,0,0
951,15,0,1,0.88,0.32,0.2239,267,13955,8,1,1,0,0
952,16,0,1,0.86,0.39,0.2537,417,13956,8,1,1,0,0
953,17,0,1,0.86,0.36,0.2537,810,13957,8,1,1,0,0
954,18,0,1,0.82,0.46,0.2537,811,13958,8,1,0,0,1
955,19,0,1,0.8,0.55,0.1939999999999999,623,13959,8,1,1,0,0
956,20,0,1,0.7,0.54,0.2836,478,13960,8,1,1,0,0
957,21,0,1,0.7,0.58,0.1642,336,13961,8,1,0,0,1
958,22,0,1,0.66,0.69,0.2239,259,13962,8,1,0,0,1
959,23,0,1,0.66,0.74,0.0,156,13963,8,1,1,0,0
960,0,0,1,0.7,0.65,0.0896,85,13964,8,1,1,0,0
961,1,0,1,0.7,0.65,0.1045,41,13965,8,1,1,0,0
962,2,0,1,0.7,0.74,0.1642,20,13966,8,1,1,0,0
963,3,0,1,0.72,0.79,0.1939999999999999,9,13967,8,1,0,0,1
964,4,0,1,0.7,0.84,0.2836,7,13968,8,1,0,1,0
965,5,0,1,0.7,0.84,0.2836,33,13969,8,1,0,1,0
966,6,0,1,0.64,0.89,0.2985,44,13970,8,1,0,1,0
967,7,0,1,0.64,0.89,0.1045,133,13971,8,1,0,1,0
968,8,0,1,0.62,0.91,0.1642,119,13972,8,1,0,1,0
969,9,0,1,0.64,0.89,0.0,220,13973,8,1,0,0,1
970,10,0,1,0.66,0.89,0.1045,193,13974,8,1,1,0,0
971,11,0,1,0.68,0.79,0.1343,251,13975,8,1,0,1,0
972,12,0,1,0.74,0.66,0.3582,315,13976,8,1,0,0,1
973,13,0,1,0.76,0.58,0.3582,290,13977,8,1,0,0,1
974,14,0,1,0.76,0.58,0.3582,307,13978,8,1,1,0,0
975,15,0,1,0.8,0.52,0.4478,324,13979,8,1,1,0,0
976,16,0,1,0.78,0.55,0.2985,467,13980,8,1,1,0,0
977,17,0,1,0.8,0.52,0.2836,730,13981,8,1,1,0,0
978,18,0,1,0.76,0.62,0.2985,640,13982,8,1,1,0,0
979,19,0,1,0.76,0.62,0.2836,492,13983,8,1,1,0,0
980,20,0,1,0.74,0.66,0.2985,370,13984,8,1,1,0,0
981,21,0,1,0.74,0.66,0.2537,286,13985,8,1,1,0,0
982,22,0,1,0.72,0.74,0.2836,218,13986,8,1,1,0,0
983,23,0,1,0.72,0.7,0.2836,192,13987,8,1,1,0,0
984,0,0,0,0.7,0.7,0.2836,180,13988,8,1,1,0,0
985,1,0,0,0.66,0.74,0.2239,116,13989,8,1,1,0,0
986,2,0,0,0.64,0.78,0.1939999999999999,85,13990,8,1,0,1,0
987,3,0,0,0.62,0.83,0.1642,21,13991,8,1,0,1,0
988,4,0,0,0.62,0.83,0.1045,10,13992,8,1,1,0,0
989,5,0,0,0.62,0.88,0.1045,11,13993,8,1,1,0,0
990,6,0,0,0.62,0.88,0.1045,23,13994,8,1,0,0,1
991,7,0,0,0.64,0.83,0.0896,62,13995,8,1,1,0,0
992,8,0,0,0.66,0.83,0.1045,162,13996,8,1,1,0,0
993,9,0,0,0.68,0.79,0.1939999999999999,271,13997,8,1,1,0,0
994,10,0,0,0.72,0.62,0.0896,407,13998,8,1,1,0,0
995,11,0,0,0.74,0.66,0.1642,499,13999,8,1,1,0,0
996,12,0,0,0.76,0.58,0.2239,546,14000,8,1,1,0,0
997,13,0,0,0.8,0.49,0.3582,569,14001,8,1,1,0,0
998,14,0,0,0.8,0.49,0.2985,538,14002,8,1,1,0,0
999,15,0,0,0.8,0.46,0.2836,562,14003,8,1,1,0,0
1000,16,0,0,0.8,0.46,0.2985,531,14004,8,1,1,0,0
1001,17,0,0,0.74,0.66,0.3582,512,14005,8,1,0,1,0
1002,18,0,0,0.7,0.74,0.2985,300,14006,8,1,0,0,1
1003,19,0,0,0.66,0.89,0.1045,275,14007,8,1,0,0,1
1004,20,0,0,0.66,0.89,0.4179,160,14008,8,1,0,1,0
1005,21,0,0,0.66,0.89,0.1642,128,14009,8,1,0,0,1
1006,22,0,0,0.66,0.89,0.1642,168,14010,8,1,0,0,1
1007,23,0,0,0.66,0.78,0.1642,163,14011,8,1,0,1,0
1008,0,0,0,0.64,0.73,0.1343,120,14012,8,1,0,0,1
1009,1,0,0,0.62,0.78,0.1343,113,14013,8,1,1,0,0
1010,2,0,0,0.64,0.69,0.1343,86,14014,8,1,1,0,0
1011,3,0,0,0.62,0.73,0.0896,48,14015,8,1,1,0,0
1012,4,0,0,0.64,0.69,0.0896,10,14016,8,1,1,0,0
1013,5,0,0,0.64,0.61,0.1939999999999999,10,14017,8,1,1,0,0
1014,6,0,0,0.64,0.65,0.1642,16,14018,8,1,1,0,0
1015,7,0,0,0.64,0.65,0.1343,39,14019,8,1,1,0,0
1016,8,0,0,0.66,0.54,0.2239,119,14020,8,1,1,0,0
1017,9,0,0,0.7,0.48,0.2239,217,14021,8,1,1,0,0
1018,10,0,0,0.7,0.51,0.1642,328,14022,8,1,1,0,0
1019,11,0,0,0.74,0.42,0.1642,449,14023,8,1,1,0,0
1020,12,0,0,0.74,0.42,0.1939999999999999,505,14024,8,1,1,0,0
1021,13,0,0,0.78,0.4,0.0,543,14025,8,1,1,0,0
1022,14,0,0,0.76,0.4,0.1939999999999999,579,14026,8,1,1,0,0
1023,15,0,0,0.76,0.4,0.1343,577,14027,8,1,1,0,0
1024,16,0,0,0.76,0.4,0.1045,513,14028,8,1,1,0,0
1025,17,0,0,0.8,0.33,0.0,505,14029,8,1,1,0,0
1026,18,0,0,0.78,0.35,0.1045,491,14030,8,1,1,0,0
1027,19,0,0,0.74,0.4,0.1343,465,14031,8,1,1,0,0
1028,20,0,0,0.72,0.45,0.0,300,14032,8,1,1,0,0
1029,21,0,0,0.72,0.51,0.0896,220,14033,8,1,1,0,0
1030,22,0,0,0.7,0.58,0.1343,181,14034,8,1,1,0,0
1031,23,0,0,0.68,0.61,0.0,110,14035,8,1,1,0,0
1032,0,0,1,0.66,0.65,0.1045,47,14036,8,1,1,0,0
1033,1,0,1,0.66,0.65,0.0896,14,14037,8,1,1,0,0
1034,2,0,1,0.64,0.69,0.1045,9,14038,8,1,1,0,0
1035,3,0,1,0.64,0.69,0.0,6,14039,8,1,1,0,0
1036,4,0,1,0.64,0.69,0.1045,11,14040,8,1,1,0,0
1037,5,0,1,0.64,0.69,0.1045,36,14041,8,1,1,0,0
1038,6,0,1,0.62,0.73,0.0896,159,14042,8,1,1,0,0
1039,7,0,1,0.66,0.65,0.1343,436,14043,8,1,1,0,0
1040,8,0,1,0.72,0.51,0.0896,673,14044,8,1,0,0,1
1041,9,0,1,0.74,0.45,0.0,305,14045,8,1,0,0,1
1042,10,0,1,0.76,0.4,0.0,199,14046,8,1,0,0,1
1043,11,0,1,0.76,0.4,0.0896,245,14047,8,1,1,0,0
1044,12,0,1,0.78,0.4,0.1939999999999999,276,14048,8,1,1,0,0
1045,13,0,1,0.78,0.4,0.1642,254,14049,8,1,1,0,0
1046,14,0,1,0.8,0.33,0.1045,248,14050,8,1,1,0,0
1047,15,0,1,0.82,0.34,0.2239,274,14051,8,1,1,0,0
1048,16,0,1,0.8,0.36,0.0896,464,14052,8,1,1,0,0
1049,17,0,1,0.8,0.36,0.1642,818,14053,8,1,1,0,0
1050,18,0,1,0.76,0.52,0.2836,812,14054,8,1,1,0,0
1051,19,0,1,0.74,0.58,0.1642,555,14055,8,1,1,0,0
1052,20,0,1,0.74,0.62,0.2239,432,14056,8,1,1,0,0
1053,21,0,1,0.72,0.66,0.1939999999999999,290,14057,8,1,1,0,0
1054,22,0,1,0.72,0.62,0.3284,192,14058,8,1,1,0,0
1055,23,0,1,0.7,0.7,0.2239,128,14059,8,1,1,0,0
1056,0,0,1,0.7,0.74,0.2239,60,14060,8,1,1,0,0
1057,1,0,1,0.68,0.79,0.2537,27,14061,8,1,1,0,0
1058,2,0,1,0.68,0.83,0.1939999999999999,11,14062,8,1,0,0,1
1059,3,0,1,0.68,0.83,0.1939999999999999,3,14063,8,1,0,0,1
1060,4,0,1,0.68,0.83,0.1939999999999999,5,14064,8,1,0,0,1
1061,5,0,1,0.68,0.89,0.1939999999999999,36,14065,8,1,0,0,1
1062,6,0,1,0.64,0.83,0.1939999999999999,64,14066,8,1,0,1,0
1063,7,0,1,0.66,0.83,0.0896,179,14067,8,1,0,0,1
1064,8,0,1,0.66,0.89,0.0896,618,14068,8,1,0,0,1
1065,9,0,1,0.7,0.74,0.0,402,14069,8,1,0,0,1
1066,10,0,1,0.7,0.79,0.1045,208,14070,8,1,1,0,0
1067,11,0,1,0.74,0.62,0.0,196,14071,8,1,1,0,0
1068,12,0,1,0.78,0.49,0.1343,300,14072,8,1,1,0,0
1069,13,0,1,0.8,0.46,0.0896,286,14073,8,1,1,0,0
1070,14,0,1,0.82,0.41,0.2239,255,14074,8,1,1,0,0
1071,15,0,1,0.82,0.46,0.2239,283,14075,8,1,1,0,0
1072,16,0,1,0.82,0.43,0.2239,458,14076,8,1,1,0,0
1073,17,0,1,0.76,0.66,0.2537,812,14077,8,1,0,1,0
1074,18,0,1,0.76,0.62,0.2836,854,14078,8,1,1,0,0
1075,19,0,1,0.76,0.66,0.1939999999999999,627,14079,8,1,1,0,0
1076,20,0,1,0.74,0.74,0.2239,436,14080,8,1,1,0,0
1077,21,0,1,0.74,0.62,0.2239,308,14081,8,1,1,0,0
1078,22,0,1,0.72,0.66,0.0896,189,14082,8,1,1,0,0
1079,23,0,1,0.72,0.66,0.1642,167,14083,8,1,1,0,0
1080,0,0,1,0.7,0.61,0.1939999999999999,60,14084,8,1,1,0,0
1081,1,0,1,0.7,0.61,0.0,37,14085,8,1,1,0,0
1082,2,0,1,0.68,0.65,0.0,8,14086,8,1,1,0,0
1083,3,0,1,0.66,0.74,0.1045,11,14087,8,1,1,0,0
1084,4,0,1,0.64,0.83,0.1045,4,14088,8,1,1,0,0
1085,5,0,1,0.64,0.78,0.1045,39,14089,8,1,1,0,0
1086,6,0,1,0.64,0.78,0.1045,172,14090,8,1,1,0,0
1087,7,0,1,0.66,0.69,0.1939999999999999,492,14091,8,1,0,0,1
1088,8,0,1,0.7,0.65,0.2836,682,14092,8,1,0,0,1
1089,9,0,1,0.72,0.62,0.1939999999999999,367,14093,8,1,0,0,1
1090,10,0,1,0.72,0.62,0.1939999999999999,233,14094,8,1,0,0,1
1091,11,0,1,0.74,0.58,0.1939999999999999,235,14095,8,1,0,0,1
1092,12,0,1,0.74,0.55,0.2239,307,14096,8,1,1,0,0
1093,13,0,1,0.78,0.49,0.1939999999999999,294,14097,8,1,0,0,1
1094,14,0,1,0.76,0.52,0.2985,255,14098,8,1,0,0,1
1095,15,0,1,0.76,0.52,0.2537,266,14099,8,1,1,0,0
1096,16,0,1,0.76,0.48,0.1939999999999999,431,14100,8,1,1,0,0
1097,17,0,1,0.74,0.55,0.2836,851,14101,8,1,1,0,0
1098,18,0,1,0.74,0.51,0.2239,848,14102,8,1,1,0,0
1099,19,0,1,0.7,0.61,0.1343,649,14103,8,1,1,0,0
1100,20,0,1,0.7,0.61,0.1343,427,14104,8,1,1,0,0
1101,21,0,1,0.7,0.61,0.1939999999999999,315,14105,8,1,1,0,0
1102,22,0,1,0.7,0.61,0.1642,226,14106,8,1,1,0,0
1103,23,0,1,0.68,0.65,0.1045,138,14107,8,1,1,0,0
1104,0,0,1,0.66,0.69,0.0,76,14108,8,1,1,0,0
1105,1,0,1,0.64,0.73,0.0,21,14109,8,1,1,0,0
1106,2,0,1,0.64,0.69,0.1939999999999999,15,14110,8,1,1,0,0
1107,3,0,1,0.62,0.73,0.2537,4,14111,8,1,1,0,0
1108,4,0,1,0.62,0.73,0.2239,5,14112,8,1,1,0,0
1109,5,0,1,0.6,0.78,0.1642,37,14113,8,1,1,0,0
1110,6,0,1,0.6,0.78,0.1642,165,14114,8,1,1,0,0
1111,7,0,1,0.64,0.69,0.2239,464,14115,8,1,1,0,0
1112,8,0,1,0.68,0.61,0.1939999999999999,682,14116,8,1,1,0,0
1113,9,0,1,0.72,0.54,0.1045,337,14117,8,1,1,0,0
1114,10,0,1,0.74,0.48,0.1343,199,14118,8,1,1,0,0
1115,11,0,1,0.76,0.37,0.0896,274,14119,8,1,1,0,0
1116,12,0,1,0.8,0.33,0.1045,343,14120,8,1,1,0,0
1117,13,0,1,0.8,0.31,0.2239,300,14121,8,1,1,0,0
1118,14,0,1,0.82,0.32,0.0,248,14122,8,1,1,0,0
1119,15,0,1,0.8,0.33,0.2537,260,14123,8,1,1,0,0
1120,16,0,1,0.82,0.32,0.2239,419,14124,8,1,1,0,0
1121,17,0,1,0.82,0.34,0.1939999999999999,897,14125,8,1,1,0,0
1122,18,0,1,0.8,0.36,0.0,832,14126,8,1,1,0,0
1123,19,0,1,0.76,0.4,0.1045,677,14127,8,1,1,0,0
1124,20,0,1,0.76,0.4,0.0896,514,14128,8,1,1,0,0
1125,21,0,1,0.74,0.48,0.1939999999999999,356,14129,8,1,1,0,0
1126,22,0,1,0.72,0.51,0.1642,254,14130,8,1,1,0,0
1127,23,0,1,0.7,0.54,0.1045,226,14131,8,1,1,0,0
1128,0,0,1,0.68,0.57,0.1642,88,14132,8,1,1,0,0
1129,1,0,1,0.66,0.65,0.1045,54,14133,8,1,1,0,0
1130,2,0,1,0.66,0.61,0.1343,19,14134,8,1,1,0,0
1131,3,0,1,0.64,0.65,0.1045,6,14135,8,1,1,0,0
1132,4,0,1,0.64,0.73,0.1642,9,14136,8,1,1,0,0
1133,5,0,1,0.64,0.73,0.1045,36,14137,8,1,1,0,0
1134,6,0,1,0.62,0.78,0.1343,157,14138,8,1,1,0,0
1135,7,0,1,0.64,0.73,0.1045,379,14139,8,1,1,0,0
1136,8,0,1,0.68,0.65,0.1343,668,14140,8,1,1,0,0
1137,9,0,1,0.7,0.58,0.1045,378,14141,8,1,1,0,0
1138,10,0,1,0.74,0.55,0.1642,231,14142,8,1,1,0,0
1139,11,0,1,0.76,0.52,0.2836,303,14143,8,1,1,0,0
1140,12,0,1,0.82,0.41,0.2239,365,14144,8,1,1,0,0
1141,13,0,1,0.84,0.36,0.3881,357,14145,8,1,1,0,0
1142,14,0,1,0.86,0.34,0.4179,328,14146,8,1,1,0,0
1143,15,0,1,0.86,0.3,0.4627,383,14147,8,1,1,0,0
1144,16,0,1,0.84,0.32,0.4478,488,14148,8,1,0,0,1
1145,17,0,1,0.82,0.36,0.3284,791,14149,8,1,1,0,0
1146,18,0,1,0.82,0.38,0.2537,669,14150,8,1,0,0,1
1147,19,0,1,0.74,0.55,0.3881,491,14151,8,1,0,0,1
1148,20,0,1,0.72,0.58,0.2239,359,14152,8,1,0,0,1
1149,21,0,1,0.68,0.69,0.2985,255,14153,8,1,0,0,1
1150,22,0,1,0.66,0.83,0.1939999999999999,213,14154,8,1,0,1,0
1151,23,0,1,0.64,0.83,0.2239,121,14155,8,1,0,1,0
1152,0,0,0,0.64,0.83,0.2239,105,14156,8,1,0,0,1
1153,1,0,0,0.62,0.94,0.1642,92,14157,8,1,0,1,0
1154,2,0,0,0.62,0.88,0.1642,43,14158,8,1,0,1,0
1155,3,0,0,0.62,0.88,0.1939999999999999,30,14159,8,1,1,0,0
1156,4,0,0,0.62,0.73,0.2239,13,14160,8,1,1,0,0
1157,5,0,0,0.6,0.78,0.2537,9,14161,8,1,1,0,0
1158,6,0,0,0.6,0.83,0.2239,27,14162,8,1,1,0,0
1159,7,0,0,0.6,0.83,0.2239,64,14163,8,1,1,0,0
1160,8,0,0,0.64,0.69,0.2537,189,14164,8,1,1,0,0
1161,9,0,0,0.66,0.65,0.2836,292,14165,8,1,1,0,0
1162,10,0,0,0.7,0.54,0.1642,480,14166,8,1,1,0,0
1163,11,0,0,0.72,0.51,0.0,536,14167,8,1,1,0,0
1164,12,0,0,0.76,0.37,0.1939999999999999,654,14168,8,1,1,0,0
1165,13,0,0,0.74,0.4,0.1939999999999999,644,14169,8,1,1,0,0
1166,14,0,0,0.76,0.37,0.2836,598,14170,8,1,1,0,0
1167,15,0,0,0.76,0.37,0.2239,596,14171,8,1,1,0,0
1168,16,0,0,0.76,0.37,0.2537,641,14172,8,1,1,0,0
1169,17,0,0,0.76,0.37,0.2239,635,14173,8,1,1,0,0
1170,18,0,0,0.74,0.37,0.1642,554,14174,8,1,1,0,0
1171,19,0,0,0.7,0.45,0.1642,488,14175,8,1,1,0,0
1172,20,0,0,0.7,0.45,0.1045,341,14176,8,1,1,0,0
1173,21,0,0,0.66,0.61,0.0,338,14177,8,1,1,0,0
1174,22,0,0,0.66,0.61,0.0,261,14178,8,1,1,0,0
1175,23,0,0,0.64,0.65,0.0896,235,14179,8,1,1,0,0
1176,0,0,0,0.66,0.57,0.0896,187,14180,8,1,1,0,0
1177,1,0,0,0.64,0.65,0.0,131,14181,8,1,1,0,0
1178,2,0,0,0.62,0.69,0.0896,119,14182,8,1,0,0,1
1179,3,0,0,0.62,0.61,0.1642,55,14183,8,1,0,0,1
1180,4,0,0,0.62,0.65,0.1642,26,14184,8,1,0,0,1
1181,5,0,0,0.6,0.73,0.1343,11,14185,8,1,0,0,1
1182,6,0,0,0.62,0.69,0.1045,20,14186,8,1,0,0,1
1183,7,0,0,0.62,0.69,0.1343,41,14187,8,1,0,0,1
1184,8,0,0,0.64,0.69,0.1045,124,14188,8,1,0,0,1
1185,9,0,0,0.66,0.74,0.0,270,14189,8,1,0,0,1
1186,10,0,0,0.68,0.69,0.0,425,14190,8,1,0,0,1
1187,11,0,0,0.64,0.78,0.1642,272,14191,8,1,0,1,0
1188,12,0,0,0.64,0.73,0.0,298,14192,8,1,0,1,0
1189,13,0,0,0.64,0.83,0.1343,162,14193,8,1,0,1,0
1190,14,0,0,0.64,0.73,0.0,149,14194,8,1,0,1,0
1191,15,0,0,0.64,0.65,0.0,276,14195,8,1,0,0,1
1192,16,0,0,0.66,0.65,0.0,356,14196,8,1,0,0,1
1193,17,0,0,0.64,0.78,0.1045,343,14197,8,1,0,0,1
1194,18,0,0,0.64,0.78,0.1045,377,14198,8,1,0,0,1
1195,19,0,0,0.64,0.73,0.1343,341,14199,8,1,0,0,1
1196,20,0,0,0.64,0.73,0.1939999999999999,274,14200,8,1,0,0,1
1197,21,0,0,0.62,0.78,0.0896,190,14201,8,1,0,1,0
1198,22,0,0,0.62,0.78,0.1642,56,14202,8,1,0,0,1
1199,23,0,0,0.62,0.73,0.0,46,14203,8,1,0,0,1
1200,0,0,1,0.6,0.83,0.1045,26,14204,8,1,0,0,1
1201,1,0,1,0.6,0.83,0.1642,10,14205,8,1,1,0,0
1202,2,0,1,0.6,0.83,0.1642,5,14206,8,1,1,0,0
1203,3,0,1,0.6,0.88,0.1045,3,14207,8,1,1,0,0
1204,4,0,1,0.6,0.83,0.0896,7,14208,8,1,0,0,1
1205,5,0,1,0.6,0.83,0.0,37,14209,8,1,0,0,1
1206,6,0,1,0.6,0.78,0.1343,161,14210,8,1,0,0,1
1207,7,0,1,0.62,0.78,0.1343,442,14211,8,1,0,0,1
1208,8,0,1,0.62,0.73,0.1045,655,14212,8,1,0,0,1
1209,9,0,1,0.64,0.69,0.0,357,14213,8,1,0,0,1
1210,10,0,1,0.64,0.69,0.0896,193,14214,8,1,0,0,1
1211,11,0,1,0.66,0.65,0.1045,241,14215,8,1,1,0,0
1212,12,0,1,0.66,0.61,0.1045,282,14216,8,1,0,0,1
1213,13,0,1,0.7,0.58,0.1343,291,14217,8,1,1,0,0
1214,14,0,1,0.72,0.54,0.1642,275,14218,8,1,1,0,0
1215,15,0,1,0.72,0.54,0.2537,309,14219,8,1,1,0,0
1216,16,0,1,0.72,0.54,0.2537,460,14220,8,1,1,0,0
1217,17,0,1,0.7,0.58,0.2836,893,14221,8,1,1,0,0
1218,18,0,1,0.62,0.78,0.2537,815,14222,8,1,0,0,1
1219,19,0,1,0.62,0.78,0.1939999999999999,299,14223,8,1,0,0,1
1220,20,0,1,0.62,0.83,0.2836,261,14224,8,1,0,0,1
1221,21,0,1,0.6,0.83,0.0,245,14225,8,1,1,0,0
1222,22,0,1,0.6,0.83,0.0,161,14226,8,1,0,0,1
1223,23,0,1,0.6,0.83,0.0,102,14227,8,1,0,0,1
1224,0,0,1,0.6,0.83,0.0896,59,14228,8,1,0,0,1
1225,1,0,1,0.6,0.83,0.1343,33,14229,8,1,0,0,1
1226,2,0,1,0.58,0.88,0.2836,8,14230,8,1,0,0,1
1227,3,0,1,0.56,0.88,0.0,3,14231,8,1,1,0,0
1228,4,0,1,0.56,0.88,0.0,4,14232,8,1,1,0,0
1229,5,0,1,0.56,0.83,0.0896,34,14233,8,1,1,0,0
1230,6,0,1,0.56,0.83,0.1045,169,14234,8,1,1,0,0
1231,7,0,1,0.6,0.78,0.1045,519,14235,8,1,1,0,0
1232,8,0,1,0.6,0.78,0.1343,723,14236,8,1,1,0,0
1233,9,0,1,0.64,0.69,0.0,328,14237,8,1,1,0,0
1234,10,0,1,0.66,0.61,0.1045,178,14238,8,1,1,0,0
1235,11,0,1,0.7,0.54,0.0,256,14239,8,1,1,0,0
1236,12,0,1,0.72,0.45,0.0,305,14240,8,1,1,0,0
1237,13,0,1,0.74,0.4,0.0,331,14241,8,1,1,0,0
1238,14,0,1,0.76,0.37,0.0896,302,14242,8,1,1,0,0
1239,15,0,1,0.76,0.37,0.0,302,14243,8,1,1,0,0
1240,16,0,1,0.76,0.37,0.0,467,14244,8,1,1,0,0
1241,17,0,1,0.74,0.51,0.2836,878,14245,8,1,1,0,0
1242,18,0,1,0.72,0.54,0.2239,625,14246,8,1,1,0,0
1243,19,0,1,0.62,0.73,0.1045,476,14247,8,1,0,1,0
1244,20,0,1,0.64,0.73,0.0,358,14248,8,1,1,0,0
1245,21,0,1,0.64,0.73,0.0,280,14249,8,1,1,0,0
1246,22,0,1,0.64,0.78,0.0,232,14250,8,1,1,0,0
1247,23,0,1,0.62,0.83,0.0,136,14251,8,1,1,0,0
1248,0,0,1,0.62,0.83,0.1045,55,14252,8,1,1,0,0
1249,1,0,1,0.62,0.78,0.0,21,14253,8,1,1,0,0
1250,2,0,1,0.62,0.78,0.0,17,14254,8,1,1,0,0
1251,3,0,1,0.62,0.78,0.0,7,14255,8,1,1,0,0
1252,4,0,1,0.58,0.83,0.1045,8,14256,8,1,1,0,0
1253,5,0,1,0.6,0.78,0.0,40,14257,8,1,1,0,0
1254,6,0,1,0.62,0.73,0.0,187,14258,8,1,1,0,0
1255,7,0,1,0.62,0.78,0.0,553,14259,8,1,1,0,0
1256,8,0,1,0.64,0.73,0.0896,740,14260,8,1,1,0,0
1257,9,0,1,0.68,0.65,0.0,376,14261,8,1,1,0,0
1258,10,0,1,0.7,0.61,0.0896,225,14262,8,1,1,0,0
1259,11,0,1,0.72,0.58,0.0896,267,14263,8,1,1,0,0
1260,12,0,1,0.74,0.51,0.0,312,14264,8,1,1,0,0
1261,13,0,1,0.76,0.48,0.1045,316,14265,8,1,1,0,0
1262,14,0,1,0.76,0.45,0.1045,266,14266,8,1,1,0,0
1263,15,0,1,0.76,0.48,0.1343,316,14267,8,1,1,0,0
1264,16,0,1,0.74,0.55,0.2239,460,14268,8,1,0,1,0
1265,17,0,1,0.74,0.55,0.2239,783,14269,8,1,0,1,0
1266,18,0,1,0.66,0.61,0.2239,683,14270,8,1,0,1,0
1267,19,0,1,0.66,0.74,0.0,580,14271,8,1,0,0,1
1268,20,0,1,0.64,0.73,0.1939999999999999,391,14272,8,1,1,0,0
1269,21,0,1,0.64,0.73,0.0,351,14273,8,1,1,0,0
1270,22,0,1,0.64,0.73,0.0,281,14274,8,1,1,0,0
1271,23,0,1,0.64,0.83,0.0,140,14275,8,1,1,0,0
1272,0,0,1,0.64,0.78,0.0,60,14276,8,1,1,0,0
1273,1,0,1,0.62,0.83,0.0,25,14277,8,1,1,0,0
1274,2,0,1,0.62,0.83,0.0,20,14278,8,1,1,0,0
1275,3,0,1,0.62,0.83,0.0896,9,14279,8,1,1,0,0
1276,4,0,1,0.62,0.83,0.0,6,14280,8,1,1,0,0
1277,5,0,1,0.62,0.83,0.0,37,14281,8,1,1,0,0
1278,6,0,1,0.6,0.88,0.0896,192,14282,8,1,0,0,1
1279,7,0,1,0.62,0.83,0.0896,481,14283,8,1,0,0,1
1280,8,0,1,0.66,0.74,0.0896,707,14284,8,1,0,0,1
1281,9,0,1,0.7,0.7,0.0,412,14285,8,1,0,0,1
1282,10,0,1,0.74,0.58,0.0896,233,14286,8,1,1,0,0
1283,11,0,1,0.76,0.48,0.0896,278,14287,8,1,1,0,0
1284,12,0,1,0.78,0.38,0.0,332,14288,8,1,1,0,0
1285,13,0,1,0.82,0.38,0.0896,346,14289,8,1,1,0,0
1286,14,0,1,0.78,0.46,0.2239,305,14290,8,1,1,0,0
1287,15,0,1,0.78,0.46,0.1343,305,14291,8,1,1,0,0
1288,16,0,1,0.76,0.48,0.1642,465,14292,8,1,1,0,0
1289,17,0,1,0.76,0.45,0.2239,820,14293,8,1,1,0,0
1290,18,0,1,0.74,0.48,0.2239,941,14294,8,1,1,0,0
1291,19,0,1,0.72,0.51,0.0896,633,14295,8,1,1,0,0
1292,20,0,1,0.7,0.61,0.1045,474,14296,8,1,1,0,0
1293,21,0,1,0.7,0.61,0.1343,329,14297,8,1,1,0,0
1294,22,0,1,0.68,0.61,0.1045,198,14298,8,1,0,0,1
1295,23,0,1,0.66,0.69,0.0,157,14299,8,1,0,0,1
1296,0,0,1,0.66,0.69,0.0,111,14300,8,1,0,0,1
1297,1,0,1,0.64,0.73,0.0,42,14301,8,1,0,0,1
1298,2,0,1,0.66,0.69,0.0,16,14302,8,1,1,0,0
1299,3,0,1,0.64,0.73,0.0,8,14303,8,1,1,0,0
1300,4,0,1,0.64,0.73,0.0,8,14304,8,1,0,0,1
1301,5,0,1,0.64,0.78,0.0,38,14305,8,1,1,0,0
1302,6,0,1,0.62,0.83,0.0,151,14306,8,1,0,0,1
1303,7,0,1,0.64,0.78,0.0,425,14307,8,1,0,0,1
1304,8,0,1,0.66,0.74,0.0,744,14308,8,1,0,0,1
1305,9,0,1,0.72,0.58,0.0,389,14309,8,1,0,0,1
1306,10,0,1,0.76,0.48,0.0,262,14310,8,1,0,0,1
1307,11,0,1,0.76,0.48,0.1045,281,14311,8,1,0,0,1
1308,12,0,1,0.76,0.45,0.0896,371,14312,8,1,0,0,1
1309,13,0,1,0.8,0.41,0.1045,351,14313,8,1,0,0,1
1310,14,0,1,0.78,0.43,0.1045,338,14314,8,1,1,0,0
1311,15,0,1,0.76,0.48,0.1343,350,14315,8,1,0,0,1
1312,16,0,1,0.76,0.48,0.1343,515,14316,8,1,0,0,1
1313,17,0,1,0.74,0.51,0.2239,812,14317,8,1,0,0,1
1314,18,0,1,0.72,0.62,0.1939999999999999,736,14318,8,1,0,0,1
1315,19,0,1,0.72,0.58,0.1642,536,14319,8,1,0,0,1
1316,20,0,1,0.7,0.65,0.2239,363,14320,8,1,0,0,1
1317,21,0,1,0.7,0.61,0.1642,306,14321,8,1,0,0,1
1318,22,0,1,0.7,0.61,0.0,251,14322,8,1,0,0,1
1319,23,0,1,0.68,0.69,0.0896,178,14323,8,1,0,0,1
1320,0,0,0,0.7,0.61,0.0,135,14324,8,1,0,0,1
1321,1,0,0,0.68,0.69,0.0,115,14325,8,1,0,0,1
1322,2,0,0,0.66,0.74,0.0896,79,14326,8,1,0,0,1
1323,3,0,0,0.66,0.69,0.0896,38,14327,8,1,1,0,0
1324,4,0,0,0.66,0.69,0.1045,12,14328,8,1,0,0,1
1325,5,0,0,0.64,0.73,0.1642,14,14329,8,1,0,0,1
1326,6,0,0,0.64,0.78,0.1642,30,14330,8,1,0,0,1
1327,7,0,0,0.64,0.78,0.1939999999999999,102,14331,8,1,0,0,1
1328,8,0,0,0.66,0.74,0.2537,162,14332,8,1,0,0,1
1329,9,0,0,0.68,0.69,0.2836,288,14333,8,1,0,0,1
1330,10,0,0,0.7,0.65,0.2985,442,14334,8,1,0,0,1
1331,11,0,0,0.72,0.62,0.2836,457,14335,8,1,0,0,1
1332,12,0,0,0.72,0.54,0.3881,584,14336,8,1,0,1,0
1333,13,0,0,0.72,0.51,0.3582,517,14337,8,1,0,0,1
1334,14,0,0,0.66,0.65,0.2537,482,14338,8,1,0,1,0
1335,15,0,0,0.64,0.73,0.3284,233,14339,8,1,0,0,1
1336,16,0,0,0.66,0.74,0.2985,434,14340,8,1,0,0,1
1337,17,0,0,0.66,0.74,0.3284,403,14341,8,1,0,0,1
1338,18,0,0,0.66,0.69,0.4627,383,14342,8,1,0,0,1
1339,19,0,0,0.64,0.78,0.2985,354,14343,8,1,0,0,1
1340,20,0,0,0.62,0.83,0.2537,241,14344,8,1,0,1,0
1341,21,0,0,0.62,0.83,0.3582,208,14345,8,1,1,0,0
1342,22,0,0,0.62,0.83,0.3582,182,14346,8,1,1,0,0
1343,23,0,0,0.62,0.83,0.2537,158,14347,8,1,0,0,1
1344,0,0,0,0.64,0.89,0.2537,134,14348,8,1,1,0,0
1345,1,0,0,0.64,0.89,0.1939999999999999,134,14349,8,1,1,0,0
1346,2,0,0,0.64,0.89,0.2239,116,14350,8,1,0,0,1
1347,3,0,0,0.64,0.89,0.2537,53,14351,8,1,0,0,1
1348,4,0,0,0.64,0.89,0.1939999999999999,16,14352,8,1,0,0,1
1349,5,0,0,0.64,0.89,0.1939999999999999,16,14353,8,1,1,0,0
1350,6,0,0,0.62,0.88,0.2985,21,14354,8,1,1,0,0
1351,7,0,0,0.64,0.89,0.1939999999999999,34,14355,8,1,1,0,0
1352,8,0,0,0.68,0.79,0.2836,133,14356,8,1,1,0,0
1353,9,0,0,0.68,0.79,0.2537,263,14357,8,1,1,0,0
1354,10,0,0,0.74,0.66,0.3881,385,14358,8,1,1,0,0
1355,11,0,0,0.74,0.66,0.3582,482,14359,8,1,1,0,0
1356,12,0,0,0.72,0.74,0.3582,626,14360,8,1,0,1,0
1357,13,0,0,0.66,0.78,0.4179,541,14361,8,1,0,1,0
1358,14,0,0,0.64,0.89,0.1045,377,14362,8,1,1,0,0
1359,15,0,0,0.64,0.89,0.2836,391,14363,8,1,0,1,0
1360,16,0,0,0.64,0.89,0.2836,173,14364,8,1,0,1,0
1361,17,0,0,0.64,0.89,0.2239,233,14365,8,1,1,0,0
1362,18,0,0,0.64,0.89,0.0896,264,14366,8,1,0,0,1
1363,19,0,0,0.64,0.89,0.1642,292,14367,8,1,0,0,1
1364,20,0,0,0.64,0.89,0.1642,211,14368,8,1,1,0,0
1365,21,0,0,0.64,0.83,0.1343,166,14369,8,1,1,0,0
1366,22,0,0,0.62,0.88,0.0896,114,14370,8,1,1,0,0
1367,23,0,0,0.62,0.83,0.0896,80,14371,8,1,1,0,0
1368,0,0,1,0.62,0.83,0.0,32,14372,8,1,1,0,0
1369,1,0,1,0.62,0.88,0.0896,7,14373,8,1,1,0,0
1370,2,0,1,0.62,0.88,0.1343,8,14374,8,1,1,0,0
1371,3,0,1,0.62,0.88,0.0896,4,14375,8,1,1,0,0
1372,4,0,1,0.62,0.83,0.0,12,14376,8,1,1,0,0
1373,5,0,1,0.62,0.88,0.0,36,14377,8,1,1,0,0
1374,6,0,1,0.62,0.88,0.0,145,14378,8,1,1,0,0
1375,7,0,1,0.66,0.83,0.0,433,14379,8,1,1,0,0
1376,8,0,1,0.66,0.83,0.0896,699,14380,8,1,1,0,0
1377,9,0,1,0.66,0.83,0.1045,342,14381,8,1,1,0,0
1378,10,0,1,0.72,0.74,0.1343,206,14382,8,1,1,0,0
1379,11,0,1,0.74,0.66,0.1939999999999999,229,14383,8,1,1,0,0
1380,12,0,1,0.76,0.62,0.0,283,14384,8,1,1,0,0
1381,13,0,1,0.76,0.57,0.1642,288,14385,8,1,1,0,0
1382,14,0,1,0.8,0.49,0.0896,246,14386,8,1,1,0,0
1383,15,0,1,0.8,0.55,0.2985,282,14387,8,1,1,0,0
1384,16,0,1,0.8,0.55,0.2537,444,14388,8,1,1,0,0
1385,17,0,1,0.8,0.46,0.2239,845,14389,8,1,1,0,0
1386,18,0,1,0.78,0.52,0.2537,834,14390,8,1,1,0,0
1387,19,0,1,0.74,0.7,0.2239,573,14391,8,1,1,0,0
1388,20,0,1,0.74,0.7,0.1939999999999999,416,14392,8,1,1,0,0
1389,21,0,1,0.72,0.74,0.1939999999999999,278,14393,8,1,1,0,0
1390,22,0,1,0.7,0.84,0.1939999999999999,161,14394,8,1,1,0,0
1391,23,0,1,0.7,0.84,0.1642,114,14395,8,1,1,0,0
1392,0,0,1,0.7,0.84,0.2537,38,14396,8,1,1,0,0
1393,1,0,1,0.68,0.89,0.1939999999999999,21,14397,8,1,1,0,0
1394,2,0,1,0.68,0.83,0.2537,15,14398,8,1,1,0,0
1395,3,0,1,0.66,0.89,0.1343,4,14399,8,1,1,0,0
1396,4,0,1,0.66,0.83,0.1343,8,14400,8,1,1,0,0
1397,5,0,1,0.66,0.83,0.0896,42,14401,8,1,0,0,1
1398,6,0,1,0.66,0.89,0.1045,147,14402,8,1,0,0,1
1399,7,0,1,0.66,0.83,0.1045,269,14403,8,1,0,0,1
1400,8,0,1,0.66,0.85,0.1045,693,14404,8,1,0,0,1
1401,9,0,1,0.7,0.79,0.1642,395,14405,8,1,0,0,1
1402,10,0,1,0.74,0.62,0.2537,204,14406,8,1,1,0,0
1403,11,0,1,0.78,0.55,0.2537,218,14407,8,1,1,0,0
1404,12,0,1,0.8,0.49,0.2836,297,14408,8,1,1,0,0
1405,13,0,1,0.82,0.43,0.2985,288,14409,8,1,1,0,0
1406,14,0,1,0.84,0.38,0.3284,251,14410,8,1,1,0,0
1407,15,0,1,0.82,0.34,0.2985,317,14411,8,1,1,0,0
1408,16,0,1,0.82,0.33,0.3284,480,14412,8,1,1,0,0
1409,17,0,1,0.8,0.35,0.3881,864,14413,8,1,1,0,0
1410,18,0,1,0.78,0.4,0.2537,818,14414,8,1,1,0,0
1411,19,0,1,0.74,0.45,0.1642,597,14415,8,1,1,0,0
1412,20,0,1,0.72,0.48,0.1045,435,14416,8,1,1,0,0
1413,21,0,1,0.72,0.48,0.0896,314,14417,8,1,1,0,0
1414,22,0,1,0.7,0.54,0.0,216,14418,8,1,1,0,0
1415,23,0,1,0.68,0.57,0.0,109,14419,8,1,1,0,0
1416,0,0,1,0.66,0.69,0.0,47,14420,8,1,1,0,0
1417,1,0,1,0.64,0.69,0.1343,14,14421,8,1,1,0,0
1418,2,0,1,0.62,0.73,0.1343,6,14422,8,1,1,0,0
1419,3,0,1,0.62,0.73,0.1045,9,14423,8,1,1,0,0
1420,4,0,1,0.6,0.73,0.2239,10,14424,8,1,1,0,0
1421,5,0,1,0.6,0.73,0.1939999999999999,40,14425,8,1,1,0,0
1422,6,0,1,0.6,0.73,0.1939999999999999,181,14426,8,1,1,0,0
1423,7,0,1,0.64,0.65,0.0896,554,14427,8,1,1,0,0
1424,8,0,1,0.66,0.61,0.1642,808,14428,8,1,1,0,0
1425,9,0,1,0.7,0.51,0.1939999999999999,348,14429,8,1,1,0,0
1426,10,0,1,0.72,0.48,0.1642,178,14430,8,1,1,0,0
1427,11,0,1,0.72,0.45,0.0,253,14431,8,1,1,0,0
1428,12,0,1,0.76,0.4,0.0,360,14432,8,1,1,0,0
1429,13,0,1,0.74,0.42,0.0,300,14433,8,1,1,0,0
1430,14,0,1,0.76,0.4,0.0896,301,14434,8,1,1,0,0
1431,15,0,1,0.76,0.4,0.1939999999999999,338,14435,8,1,1,0,0
1432,16,0,1,0.76,0.37,0.1343,493,14436,8,1,1,0,0
1433,17,0,1,0.78,0.35,0.2239,870,14437,8,1,1,0,0
1434,18,0,1,0.74,0.42,0.1642,812,14438,8,1,1,0,0
1435,19,0,1,0.7,0.54,0.1939999999999999,643,14439,8,1,1,0,0
1436,20,0,1,0.68,0.57,0.0,427,14440,8,1,1,0,0
1437,21,0,1,0.66,0.54,0.1045,313,14441,8,1,1,0,0
1438,22,0,1,0.66,0.54,0.0,235,14442,8,1,1,0,0
1439,23,0,1,0.66,0.57,0.0,157,14443,8,1,1,0,0
1440,0,0,1,0.64,0.69,0.0,65,14444,8,1,1,0,0
1441,1,0,1,0.64,0.65,0.0,23,14445,8,1,1,0,0
1442,2,0,1,0.62,0.73,0.0,17,14446,8,1,1,0,0
1443,3,0,1,0.62,0.73,0.0,5,14447,8,1,1,0,0
1444,4,0,1,0.62,0.73,0.0,8,14448,8,1,1,0,0
1445,5,0,1,0.62,0.73,0.0,35,14449,8,1,1,0,0
1446,6,0,1,0.6,0.83,0.1642,163,14450,8,1,1,0,0
1447,7,0,1,0.64,0.73,0.0,532,14451,8,1,1,0,0
1448,8,0,1,0.66,0.65,0.0,754,14452,8,1,1,0,0
1449,9,0,1,0.7,0.58,0.0,396,14453,8,1,1,0,0
1450,10,0,1,0.72,0.54,0.0,234,14454,8,1,1,0,0
1451,11,0,1,0.76,0.4,0.0896,276,14455,8,1,1,0,0
1452,12,0,1,0.76,0.45,0.1343,294,14456,8,1,1,0,0
1453,13,0,1,0.76,0.48,0.1045,290,14457,8,1,1,0,0
1454,14,0,1,0.76,0.48,0.1343,273,14458,8,1,1,0,0
1455,15,0,1,0.8,0.46,0.1642,338,14459,8,1,1,0,0
1456,16,0,1,0.8,0.43,0.1642,482,14460,8,1,1,0,0
1457,17,0,1,0.82,0.34,0.2239,844,14461,8,1,1,0,0
1458,18,0,1,0.8,0.38,0.1343,853,14462,8,1,1,0,0
1459,19,0,1,0.76,0.48,0.1343,610,14463,8,1,1,0,0
1460,20,0,1,0.74,0.58,0.1642,471,14464,8,1,1,0,0
1461,21,0,1,0.72,0.66,0.1343,307,14465,8,1,1,0,0
1462,22,0,1,0.7,0.7,0.0,291,14466,8,1,1,0,0
1463,23,0,1,0.7,0.74,0.1045,152,14467,8,1,1,0,0
1464,0,0,1,0.68,0.83,0.1642,82,14468,8,1,1,0,0
1465,1,0,1,0.68,0.83,0.1642,32,14469,8,1,1,0,0
1466,2,0,1,0.66,0.89,0.1343,20,14470,8,1,1,0,0
1467,3,0,1,0.66,0.89,0.1045,5,14471,8,1,1,0,0
1468,4,0,1,0.64,0.89,0.1343,7,14472,8,1,1,0,0
1469,5,0,1,0.64,0.89,0.1642,29,14473,8,1,1,0,0
1470,6,0,1,0.64,0.89,0.1642,108,14474,8,1,0,0,1
1471,7,0,1,0.64,0.89,0.0896,421,14475,8,1,0,0,1
1472,8,0,1,0.7,0.74,0.0,690,14476,8,1,0,0,1
1473,9,0,1,0.74,0.7,0.0,398,14477,8,1,1,0,0
1474,10,0,1,0.76,0.62,0.0896,256,14478,8,1,1,0,0
1475,11,0,1,0.86,0.28,0.2985,309,14479,8,1,1,0,0
1476,12,0,1,0.86,0.26,0.2537,410,14480,8,1,1,0,0
1477,13,0,1,0.88,0.27,0.3284,368,14481,8,1,1,0,0
1478,14,0,1,0.9,0.25,0.2239,436,14482,8,1,1,0,0
1479,15,0,1,0.9,0.27,0.2985,526,14483,8,1,1,0,0
1480,16,0,1,0.9,0.27,0.2537,528,14484,8,1,1,0,0
1481,17,0,1,0.88,0.32,0.1642,617,14485,8,1,1,0,0
1482,18,0,1,0.86,0.36,0.2537,546,14486,8,1,1,0,0
1483,19,0,1,0.8,0.49,0.1343,452,14487,8,1,1,0,0
1484,20,0,1,0.8,0.49,0.1343,356,14488,8,1,1,0,0
1485,21,0,1,0.76,0.58,0.1939999999999999,303,14489,8,1,1,0,0
1486,22,0,1,0.76,0.58,0.1939999999999999,277,14490,8,1,1,0,0
1487,23,0,1,0.74,0.62,0.1045,174,14491,8,1,1,0,0
